Loan_ID,Gender,Married,Dependents,Education,Self_Employed,ApplicantIncome,CoapplicantIncome,LoanAmount,Loan_Amount_Term,Credit_History,Property_Area,Loan_Status,TotalIncome,TotalIncomeBin,ApplicantIncomeBin,MonthlyPayment,TotalPay,ExpectedProfit
LP001002,Male,No,0,Graduate,No,5849,0.0,,360.0,1.0,Urban,1,5849.0,"(5000, 9000]","(3500, 6000]",,,
LP001003,Male,Yes,1,Graduate,No,4583,1508.0,128.0,360.0,1.0,Rural,0,6091.0,"(5000, 9000]","(3500, 6000]",767.4246721955288,276272.88199039036,148272.88199039036
LP001005,Male,Yes,0,Graduate,Yes,3000,0.0,66.0,360.0,1.0,Urban,1,3000.0,<= 3500,"(2500, 3500]",395.7033466008196,142453.20477629505,76453.20477629505
LP001006,Male,Yes,0,Not Graduate,No,2583,2358.0,120.0,360.0,1.0,Urban,1,4941.0,"(3500, 5000]","(2500, 3500]",719.4606301833084,259005.826865991,139005.826865991
LP001008,Male,No,0,Graduate,No,6000,0.0,141.0,360.0,1.0,Urban,1,6000.0,"(5000, 9000]","(3500, 6000]",845.3662404653874,304331.84656753944,163331.84656753944
LP001011,Male,Yes,2,Graduate,Yes,5417,4196.0,267.0,360.0,1.0,Urban,1,9613.0,"(9000, 17000]","(3500, 6000]",1600.799902157861,576287.9647768299,309287.96477682993
LP001013,Male,Yes,0,Not Graduate,No,2333,1516.0,95.0,360.0,1.0,Urban,1,3849.0,"(3500, 5000]",<= 2500,569.5729988951191,205046.27960224287,110046.27960224287
LP001014,Male,Yes,3+,Graduate,No,3036,2504.0,158.0,360.0,0.0,Semiurban,0,5540.0,"(5000, 9000]","(2500, 3500]",947.2898297413559,341024.33870688814,183024.33870688814
LP001018,Male,Yes,2,Graduate,No,4006,1526.0,168.0,360.0,1.0,Urban,1,5532.0,"(5000, 9000]","(3500, 6000]",1007.2448822566317,362608.15761238744,194608.15761238744
LP001020,Male,Yes,1,Graduate,No,12841,10968.0,349.0,360.0,1.0,Semiurban,0,23809.0,> 17000,> 10000,2092.4313327831214,753275.2798019237,404275.27980192367
LP001024,Male,Yes,2,Graduate,No,3200,700.0,70.0,360.0,1.0,Urban,1,3900.0,"(3500, 5000]","(2500, 3500]",419.6853676069299,151086.73233849477,81086.73233849477
LP001027,Male,Yes,2,Graduate,,2500,1840.0,109.0,360.0,1.0,Urban,1,4340.0,"(3500, 5000]",<= 2500,653.5100724165051,235263.62606994182,126263.62606994182
LP001028,Male,Yes,2,Graduate,No,3073,8106.0,200.0,360.0,1.0,Urban,1,11179.0,"(9000, 17000]","(2500, 3500]",1199.1010503055138,431676.378109985,231676.37810998497
LP001029,Male,No,0,Graduate,No,1853,2840.0,114.0,360.0,1.0,Rural,0,4693.0,"(3500, 5000]",<= 2500,683.4875986741429,246055.53552269144,132055.53552269144
LP001030,Male,Yes,2,Graduate,No,1299,1086.0,17.0,120.0,1.0,Urban,1,2385.0,<= 3500,<= 2500,101.92358927596868,36692.492139348724,19692.492139348724
LP001032,Male,No,0,Graduate,No,4950,0.0,125.0,360.0,1.0,Urban,1,4950.0,"(3500, 5000]","(3500, 6000]",749.4381564409462,269797.73631874064,144797.73631874064
LP001034,Male,No,1,Not Graduate,No,3596,0.0,100.0,240.0,,Urban,1,3596.0,"(3500, 5000]","(3500, 6000]",599.5505251527569,215838.1890549925,115838.18905499249
LP001036,Female,No,0,Graduate,No,3510,0.0,76.0,360.0,0.0,Urban,0,3510.0,"(3500, 5000]","(3500, 6000]",455.65839911609527,164037.0236817943,88037.0236817943
LP001038,Male,Yes,0,Not Graduate,No,4887,0.0,133.0,360.0,1.0,Rural,0,4887.0,"(3500, 5000]","(3500, 6000]",797.4021984531666,287064.79144314,154064.79144314
LP001041,Male,Yes,0,Graduate,,2600,3500.0,115.0,,1.0,Urban,1,6100.0,"(5000, 9000]","(2500, 3500]",689.4831039256705,248213.9174132414,133213.9174132414
LP001043,Male,Yes,0,Not Graduate,No,7660,0.0,104.0,360.0,0.0,Urban,0,7660.0,"(5000, 9000]","(6000, 10000]",623.5325461588673,224471.7166171922,120471.7166171922
LP001046,Male,Yes,1,Graduate,No,5955,5625.0,315.0,360.0,1.0,Urban,1,11580.0,"(9000, 17000]","(3500, 6000]",1888.5841542311846,679890.2955232265,364890.2955232265
LP001047,Male,Yes,0,Not Graduate,No,2600,1911.0,116.0,360.0,0.0,Semiurban,0,4511.0,"(3500, 5000]","(2500, 3500]",695.478609177198,250372.29930379128,134372.29930379128
LP001050,,Yes,2,Not Graduate,No,3365,1917.0,112.0,360.0,0.0,Rural,0,5282.0,"(5000, 9000]","(2500, 3500]",671.4965881710878,241738.7717415916,129738.7717415916
LP001052,Male,Yes,1,Graduate,,3717,2925.0,151.0,360.0,,Semiurban,0,6642.0,"(5000, 9000]","(3500, 6000]",905.321292980663,325915.6654730387,174915.66547303868
LP001066,Male,Yes,0,Graduate,Yes,9560,0.0,191.0,360.0,1.0,Semiurban,1,9560.0,"(9000, 17000]","(6000, 10000]",1145.1415030417656,412250.94109503564,221250.94109503564
LP001068,Male,Yes,0,Graduate,No,2799,2253.0,122.0,360.0,1.0,Semiurban,1,5052.0,"(5000, 9000]","(2500, 3500]",731.4516406863635,263322.59064709087,141322.59064709087
LP001073,Male,Yes,2,Not Graduate,No,4226,1040.0,110.0,360.0,1.0,Urban,1,5266.0,"(5000, 9000]","(3500, 6000]",659.5055776680326,237422.00796049176,127422.00796049176
LP001086,Male,No,0,Not Graduate,No,1442,0.0,35.0,360.0,1.0,Urban,0,1442.0,<= 3500,<= 2500,209.84268380346495,75543.36616924738,40543.36616924738
LP001087,Female,No,2,Graduate,,3750,2083.0,120.0,360.0,1.0,Semiurban,1,5833.0,"(5000, 9000]","(3500, 6000]",719.4606301833084,259005.826865991,139005.826865991
LP001091,Male,Yes,1,Graduate,,4166,3369.0,201.0,360.0,,Urban,0,7535.0,"(5000, 9000]","(3500, 6000]",1205.0965555570415,433834.76000053494,232834.76000053494
LP001095,Male,No,0,Graduate,No,3167,0.0,74.0,360.0,1.0,Urban,0,3167.0,<= 3500,"(2500, 3500]",443.66738861304015,159720.25990069445,85720.25990069445
LP001097,Male,No,1,Graduate,Yes,4692,0.0,106.0,360.0,1.0,Rural,0,4692.0,"(3500, 5000]","(3500, 6000]",635.5235566619224,228788.48039829207,122788.48039829207
LP001098,Male,Yes,0,Graduate,No,3500,1667.0,114.0,360.0,1.0,Semiurban,1,5167.0,"(5000, 9000]","(2500, 3500]",683.4875986741429,246055.53552269144,132055.53552269144
LP001100,Male,No,3+,Graduate,No,12500,3000.0,320.0,360.0,1.0,Rural,0,15500.0,"(9000, 17000]",> 10000,1918.5616804888223,690682.204975976,370682.204975976
LP001106,Male,Yes,0,Graduate,No,2275,2067.0,,360.0,1.0,Urban,1,4342.0,"(3500, 5000]",<= 2500,,,
LP001109,Male,Yes,0,Graduate,No,1828,1330.0,100.0,,0.0,Urban,0,3158.0,<= 3500,<= 2500,599.5505251527569,215838.1890549925,115838.18905499249
LP001112,Female,Yes,0,Graduate,No,3667,1459.0,144.0,360.0,1.0,Semiurban,1,5126.0,"(5000, 9000]","(3500, 6000]",863.35275621997,310806.9922391892,166806.99223918922
LP001114,Male,No,0,Graduate,No,4166,7210.0,184.0,360.0,1.0,Urban,1,11376.0,"(9000, 17000]","(3500, 6000]",1103.1729662810728,397142.26786118624,213142.26786118624
LP001116,Male,No,0,Not Graduate,No,3748,1668.0,110.0,360.0,1.0,Semiurban,1,5416.0,"(5000, 9000]","(3500, 6000]",659.5055776680326,237422.00796049176,127422.00796049176
LP001119,Male,No,0,Graduate,No,3600,0.0,80.0,360.0,1.0,Urban,0,3600.0,"(3500, 5000]","(3500, 6000]",479.64042012220557,172670.551243994,92670.551243994
LP001120,Male,No,0,Graduate,No,1800,1213.0,47.0,360.0,1.0,Urban,1,3013.0,<= 3500,<= 2500,281.78874682179577,101443.94885584648,54443.94885584648
LP001123,Male,Yes,0,Graduate,No,2400,0.0,75.0,360.0,,Urban,1,2400.0,<= 3500,<= 2500,449.6628938645677,161878.6417912444,86878.64179124439
LP001131,Male,Yes,0,Graduate,No,3941,2336.0,134.0,360.0,1.0,Semiurban,1,6277.0,"(5000, 9000]","(3500, 6000]",803.3977037046943,289223.17333369,155223.17333368998
LP001136,Male,Yes,0,Not Graduate,Yes,4695,0.0,96.0,,1.0,Urban,1,4695.0,"(3500, 5000]","(3500, 6000]",575.5685041466467,207204.6614927928,111204.6614927928
LP001137,Female,No,0,Graduate,No,3410,0.0,88.0,,1.0,Urban,1,3410.0,<= 3500,"(2500, 3500]",527.6044621344261,189937.60636839338,101937.60636839338
LP001138,Male,Yes,1,Graduate,No,5649,0.0,44.0,360.0,1.0,Urban,1,5649.0,"(5000, 9000]","(3500, 6000]",263.80223106721303,94968.80318419669,50968.80318419669
LP001144,Male,Yes,0,Graduate,No,5821,0.0,144.0,360.0,1.0,Urban,1,5821.0,"(5000, 9000]","(3500, 6000]",863.35275621997,310806.9922391892,166806.99223918922
LP001146,Female,Yes,0,Graduate,No,2645,3440.0,120.0,360.0,0.0,Urban,0,6085.0,"(5000, 9000]","(2500, 3500]",719.4606301833084,259005.826865991,139005.826865991
LP001151,Female,No,0,Graduate,No,4000,2275.0,144.0,360.0,1.0,Semiurban,1,6275.0,"(5000, 9000]","(3500, 6000]",863.35275621997,310806.9922391892,166806.99223918922
LP001155,Female,Yes,0,Not Graduate,No,1928,1644.0,100.0,360.0,1.0,Semiurban,1,3572.0,"(3500, 5000]",<= 2500,599.5505251527569,215838.1890549925,115838.18905499249
LP001157,Female,No,0,Graduate,No,3086,0.0,120.0,360.0,1.0,Semiurban,1,3086.0,<= 3500,"(2500, 3500]",719.4606301833084,259005.826865991,139005.826865991
LP001164,Female,No,0,Graduate,No,4230,0.0,112.0,360.0,1.0,Semiurban,0,4230.0,"(3500, 5000]","(3500, 6000]",671.4965881710878,241738.7717415916,129738.7717415916
LP001179,Male,Yes,2,Graduate,No,4616,0.0,134.0,360.0,1.0,Urban,0,4616.0,"(3500, 5000]","(3500, 6000]",803.3977037046943,289223.17333369,155223.17333368998
LP001186,Female,Yes,1,Graduate,Yes,11500,0.0,286.0,360.0,0.0,Urban,0,11500.0,"(9000, 17000]",> 10000,1714.7145019368847,617297.2206972785,331297.2206972785
LP001194,Male,Yes,2,Graduate,No,2708,1167.0,97.0,360.0,1.0,Semiurban,1,3875.0,"(3500, 5000]","(2500, 3500]",581.5640093981742,209363.0433833427,112363.04338334271
LP001195,Male,Yes,0,Graduate,No,2132,1591.0,96.0,360.0,1.0,Semiurban,1,3723.0,"(3500, 5000]",<= 2500,575.5685041466467,207204.6614927928,111204.6614927928
LP001197,Male,Yes,0,Graduate,No,3366,2200.0,135.0,360.0,1.0,Rural,0,5566.0,"(5000, 9000]","(2500, 3500]",809.3932089562219,291381.5552242399,156381.55522423988
LP001198,Male,Yes,1,Graduate,No,8080,2250.0,180.0,360.0,1.0,Urban,1,10330.0,"(9000, 17000]","(6000, 10000]",1079.1909452749626,388508.74029898655,208508.74029898655
LP001199,Male,Yes,2,Not Graduate,No,3357,2859.0,144.0,360.0,1.0,Urban,1,6216.0,"(5000, 9000]","(2500, 3500]",863.35275621997,310806.9922391892,166806.99223918922
LP001205,Male,Yes,0,Graduate,No,2500,3796.0,120.0,360.0,1.0,Urban,1,6296.0,"(5000, 9000]",<= 2500,719.4606301833084,259005.826865991,139005.826865991
LP001206,Male,Yes,3+,Graduate,No,3029,0.0,99.0,360.0,1.0,Urban,1,3029.0,<= 3500,"(2500, 3500]",593.5550199012293,213679.80716444255,114679.80716444255
LP001207,Male,Yes,0,Not Graduate,Yes,2609,3449.0,165.0,180.0,0.0,Rural,0,6058.0,"(5000, 9000]","(2500, 3500]",989.2583665020491,356133.01194073766,191133.01194073766
LP001213,Male,Yes,1,Graduate,No,4945,0.0,,360.0,0.0,Rural,0,4945.0,"(3500, 5000]","(3500, 6000]",,,
LP001222,Female,No,0,Graduate,No,4166,0.0,116.0,360.0,0.0,Semiurban,0,4166.0,"(3500, 5000]","(3500, 6000]",695.478609177198,250372.29930379128,134372.29930379128
LP001225,Male,Yes,0,Graduate,No,5726,4595.0,258.0,360.0,1.0,Semiurban,0,10321.0,"(9000, 17000]","(3500, 6000]",1546.840354894113,556862.5277618807,298862.52776188066
LP001228,Male,No,0,Not Graduate,No,3200,2254.0,126.0,180.0,0.0,Urban,0,5454.0,"(5000, 9000]","(2500, 3500]",755.4336616924737,271956.11820929055,145956.11820929055
LP001233,Male,Yes,1,Graduate,No,10750,0.0,312.0,360.0,1.0,Urban,1,10750.0,"(9000, 17000]",> 10000,1870.5976384766018,673415.1498515767,361415.14985157666
LP001238,Male,Yes,3+,Not Graduate,Yes,7100,0.0,125.0,60.0,1.0,Urban,1,7100.0,"(5000, 9000]","(6000, 10000]",749.4381564409462,269797.73631874064,144797.73631874064
LP001241,Female,No,0,Graduate,No,4300,0.0,136.0,360.0,0.0,Semiurban,0,4300.0,"(3500, 5000]","(3500, 6000]",815.3887142077494,293539.9371147898,157539.9371147898
LP001243,Male,Yes,0,Graduate,No,3208,3066.0,172.0,360.0,1.0,Urban,1,6274.0,"(5000, 9000]","(2500, 3500]",1031.2269032627419,371241.68517458707,199241.68517458707
LP001245,Male,Yes,2,Not Graduate,Yes,1875,1875.0,97.0,360.0,1.0,Semiurban,1,3750.0,"(3500, 5000]",<= 2500,581.5640093981742,209363.0433833427,112363.04338334271
LP001248,Male,No,0,Graduate,No,3500,0.0,81.0,300.0,1.0,Semiurban,1,3500.0,<= 3500,"(2500, 3500]",485.63592537373313,174828.9331345439,93828.93313454391
LP001250,Male,Yes,3+,Not Graduate,No,4755,0.0,95.0,,0.0,Semiurban,0,4755.0,"(3500, 5000]","(3500, 6000]",569.5729988951191,205046.27960224287,110046.27960224287
LP001253,Male,Yes,3+,Graduate,Yes,5266,1774.0,187.0,360.0,1.0,Semiurban,1,7040.0,"(5000, 9000]","(3500, 6000]",1121.1594820356556,403617.413532836,216617.413532836
LP001255,Male,No,0,Graduate,No,3750,0.0,113.0,480.0,1.0,Urban,0,3750.0,"(3500, 5000]","(3500, 6000]",677.4920934226153,243897.1536321415,130897.1536321415
LP001256,Male,No,0,Graduate,No,3750,4750.0,176.0,360.0,1.0,Urban,0,8500.0,"(5000, 9000]","(3500, 6000]",1055.2089242688521,379875.21273678675,203875.21273678675
LP001259,Male,Yes,1,Graduate,Yes,1000,3022.0,110.0,360.0,1.0,Urban,0,4022.0,"(3500, 5000]",<= 2500,659.5055776680326,237422.00796049176,127422.00796049176
LP001263,Male,Yes,3+,Graduate,No,3167,4000.0,180.0,300.0,0.0,Semiurban,0,7167.0,"(5000, 9000]","(2500, 3500]",1079.1909452749626,388508.74029898655,208508.74029898655
LP001264,Male,Yes,3+,Not Graduate,Yes,3333,2166.0,130.0,360.0,,Semiurban,1,5499.0,"(5000, 9000]","(2500, 3500]",779.4156826985841,280589.6457714903,150589.6457714903
LP001265,Female,No,0,Graduate,No,3846,0.0,111.0,360.0,1.0,Semiurban,1,3846.0,"(3500, 5000]","(3500, 6000]",665.5010829195602,239580.38985104166,128580.38985104166
LP001266,Male,Yes,1,Graduate,Yes,2395,0.0,,360.0,1.0,Semiurban,1,2395.0,<= 3500,<= 2500,,,
LP001267,Female,Yes,2,Graduate,No,1378,1881.0,167.0,360.0,1.0,Urban,0,3259.0,<= 3500,<= 2500,1001.2493770051041,360449.7757218375,193449.77572183748
LP001273,Male,Yes,0,Graduate,No,6000,2250.0,265.0,360.0,,Semiurban,0,8250.0,"(5000, 9000]","(3500, 6000]",1588.8088916548058,571971.2009957301,306971.2009957301
LP001275,Male,Yes,1,Graduate,No,3988,0.0,50.0,240.0,1.0,Urban,1,3988.0,"(3500, 5000]","(3500, 6000]",299.77526257637845,107919.09452749624,57919.09452749624
LP001279,Male,No,0,Graduate,No,2366,2531.0,136.0,360.0,1.0,Semiurban,1,4897.0,"(3500, 5000]",<= 2500,815.3887142077494,293539.9371147898,157539.9371147898
LP001280,Male,Yes,2,Not Graduate,No,3333,2000.0,99.0,360.0,,Semiurban,1,5333.0,"(5000, 9000]","(2500, 3500]",593.5550199012293,213679.80716444255,114679.80716444255
LP001282,Male,Yes,0,Graduate,No,2500,2118.0,104.0,360.0,1.0,Semiurban,1,4618.0,"(3500, 5000]",<= 2500,623.5325461588673,224471.7166171922,120471.7166171922
LP001289,Male,No,0,Graduate,No,8566,0.0,210.0,360.0,1.0,Urban,1,8566.0,"(5000, 9000]","(6000, 10000]",1259.0561028207896,453260.1970154843,243260.19701548427
LP001310,Male,Yes,0,Graduate,No,5695,4167.0,175.0,360.0,1.0,Semiurban,1,9862.0,"(9000, 17000]","(3500, 6000]",1049.2134190173247,377716.8308462369,202716.8308462369
LP001316,Male,Yes,0,Graduate,No,2958,2900.0,131.0,360.0,1.0,Semiurban,1,5858.0,"(5000, 9000]","(2500, 3500]",785.4111879501115,282748.02766204014,151748.02766204014
LP001318,Male,Yes,2,Graduate,No,6250,5654.0,188.0,180.0,1.0,Semiurban,1,11904.0,"(9000, 17000]","(6000, 10000]",1127.154987287183,405775.7954233859,217775.79542338592
LP001319,Male,Yes,2,Not Graduate,No,3273,1820.0,81.0,360.0,1.0,Urban,1,5093.0,"(5000, 9000]","(2500, 3500]",485.63592537373313,174828.9331345439,93828.93313454391
LP001322,Male,No,0,Graduate,No,4133,0.0,122.0,360.0,1.0,Semiurban,1,4133.0,"(3500, 5000]","(3500, 6000]",731.4516406863635,263322.59064709087,141322.59064709087
LP001325,Male,No,0,Not Graduate,No,3620,0.0,25.0,120.0,1.0,Semiurban,1,3620.0,"(3500, 5000]","(3500, 6000]",149.88763128818923,53959.54726374812,28959.54726374812
LP001326,Male,No,0,Graduate,,6782,0.0,,360.0,,Urban,0,6782.0,"(5000, 9000]","(6000, 10000]",,,
LP001327,Female,Yes,0,Graduate,No,2484,2302.0,137.0,360.0,1.0,Semiurban,1,4786.0,"(3500, 5000]",<= 2500,821.3842194592771,295698.31900533976,158698.31900533976
LP001333,Male,Yes,0,Graduate,No,1977,997.0,50.0,360.0,1.0,Semiurban,1,2974.0,<= 3500,<= 2500,299.77526257637845,107919.09452749624,57919.09452749624
LP001334,Male,Yes,0,Not Graduate,No,4188,0.0,115.0,180.0,1.0,Semiurban,1,4188.0,"(3500, 5000]","(3500, 6000]",689.4831039256705,248213.9174132414,133213.9174132414
LP001343,Male,Yes,0,Graduate,No,1759,3541.0,131.0,360.0,1.0,Semiurban,1,5300.0,"(5000, 9000]",<= 2500,785.4111879501115,282748.02766204014,151748.02766204014
LP001345,Male,Yes,2,Not Graduate,No,4288,3263.0,133.0,180.0,1.0,Urban,1,7551.0,"(5000, 9000]","(3500, 6000]",797.4021984531666,287064.79144314,154064.79144314
LP001349,Male,No,0,Graduate,No,4843,3806.0,151.0,360.0,1.0,Semiurban,1,8649.0,"(5000, 9000]","(3500, 6000]",905.321292980663,325915.6654730387,174915.66547303868
LP001350,Male,Yes,,Graduate,No,13650,0.0,,360.0,1.0,Urban,1,13650.0,"(9000, 17000]",> 10000,,,
LP001356,Male,Yes,0,Graduate,No,4652,3583.0,,360.0,1.0,Semiurban,1,8235.0,"(5000, 9000]","(3500, 6000]",,,
LP001357,Male,,,Graduate,No,3816,754.0,160.0,360.0,1.0,Urban,1,4570.0,"(3500, 5000]","(3500, 6000]",959.2808402444111,345341.102487988,185341.102487988
LP001367,Male,Yes,1,Graduate,No,3052,1030.0,100.0,360.0,1.0,Urban,1,4082.0,"(3500, 5000]","(2500, 3500]",599.5505251527569,215838.1890549925,115838.18905499249
LP001369,Male,Yes,2,Graduate,No,11417,1126.0,225.0,360.0,1.0,Urban,1,12543.0,"(9000, 17000]",> 10000,1348.9886815937032,485635.92537373316,260635.92537373316
LP001370,Male,No,0,Not Graduate,,7333,0.0,120.0,360.0,1.0,Rural,0,7333.0,"(5000, 9000]","(6000, 10000]",719.4606301833084,259005.826865991,139005.826865991
LP001379,Male,Yes,2,Graduate,No,3800,3600.0,216.0,360.0,0.0,Urban,0,7400.0,"(5000, 9000]","(3500, 6000]",1295.029134329955,466210.4883587838,250210.48835878383
LP001384,Male,Yes,3+,Not Graduate,No,2071,754.0,94.0,480.0,1.0,Semiurban,1,2825.0,<= 3500,<= 2500,563.5774936435915,202887.89771169296,108887.89771169296
LP001385,Male,No,0,Graduate,No,5316,0.0,136.0,360.0,1.0,Urban,1,5316.0,"(5000, 9000]","(3500, 6000]",815.3887142077494,293539.9371147898,157539.9371147898
LP001387,Female,Yes,0,Graduate,,2929,2333.0,139.0,360.0,1.0,Semiurban,1,5262.0,"(5000, 9000]","(2500, 3500]",833.3752299623321,300015.08278643957,161015.08278643957
LP001391,Male,Yes,0,Not Graduate,No,3572,4114.0,152.0,,0.0,Rural,0,7686.0,"(5000, 9000]","(3500, 6000]",911.3167982321905,328074.0473635886,176074.0473635886
LP001392,Female,No,1,Graduate,Yes,7451,0.0,,360.0,1.0,Semiurban,1,7451.0,"(5000, 9000]","(6000, 10000]",,,
LP001398,Male,No,0,Graduate,,5050,0.0,118.0,360.0,1.0,Semiurban,1,5050.0,"(5000, 9000]","(3500, 6000]",707.4696196802532,254689.06308489115,136689.06308489115
LP001401,Male,Yes,1,Graduate,No,14583,0.0,185.0,180.0,1.0,Rural,1,14583.0,"(9000, 17000]",> 10000,1109.1684715326003,399300.6497517361,214300.64975173608
LP001404,Female,Yes,0,Graduate,No,3167,2283.0,154.0,360.0,1.0,Semiurban,1,5450.0,"(5000, 9000]","(2500, 3500]",923.3078087352457,332390.81114468846,178390.81114468846
LP001405,Male,Yes,1,Graduate,No,2214,1398.0,85.0,360.0,,Urban,1,3612.0,"(3500, 5000]",<= 2500,509.6179463798434,183462.46069674363,98462.46069674363
LP001421,Male,Yes,0,Graduate,No,5568,2142.0,175.0,360.0,1.0,Rural,0,7710.0,"(5000, 9000]","(3500, 6000]",1049.2134190173247,377716.8308462369,202716.8308462369
LP001422,Female,No,0,Graduate,No,10408,0.0,259.0,360.0,1.0,Urban,1,10408.0,"(9000, 17000]",> 10000,1552.8358601456405,559020.9096524306,300020.90965243056
LP001426,Male,Yes,,Graduate,No,5667,2667.0,180.0,360.0,1.0,Rural,1,8334.0,"(5000, 9000]","(3500, 6000]",1079.1909452749626,388508.74029898655,208508.74029898655
LP001430,Female,No,0,Graduate,No,4166,0.0,44.0,360.0,1.0,Semiurban,1,4166.0,"(3500, 5000]","(3500, 6000]",263.80223106721303,94968.80318419669,50968.80318419669
LP001431,Female,No,0,Graduate,No,2137,8980.0,137.0,360.0,0.0,Semiurban,1,11117.0,"(9000, 17000]",<= 2500,821.3842194592771,295698.31900533976,158698.31900533976
LP001432,Male,Yes,2,Graduate,No,2957,0.0,81.0,360.0,1.0,Semiurban,1,2957.0,<= 3500,"(2500, 3500]",485.63592537373313,174828.9331345439,93828.93313454391
LP001439,Male,Yes,0,Not Graduate,No,4300,2014.0,194.0,360.0,1.0,Rural,1,6314.0,"(5000, 9000]","(3500, 6000]",1163.1280187963484,418726.0867666854,224726.08676668542
LP001443,Female,No,0,Graduate,No,3692,0.0,93.0,360.0,,Rural,1,3692.0,"(3500, 5000]","(3500, 6000]",557.5819883920639,200729.515821143,107729.515821143
LP001448,,Yes,3+,Graduate,No,23803,0.0,370.0,360.0,1.0,Rural,1,23803.0,> 17000,> 10000,2218.3369430652006,798601.2995034722,428601.29950347217
LP001449,Male,No,0,Graduate,No,3865,1640.0,,360.0,1.0,Rural,1,5505.0,"(5000, 9000]","(3500, 6000]",,,
LP001451,Male,Yes,1,Graduate,Yes,10513,3850.0,160.0,180.0,0.0,Urban,0,14363.0,"(9000, 17000]",> 10000,959.2808402444111,345341.102487988,185341.102487988
LP001465,Male,Yes,0,Graduate,No,6080,2569.0,182.0,360.0,,Rural,0,8649.0,"(5000, 9000]","(6000, 10000]",1091.1819557780177,392825.50408008636,210825.50408008636
LP001469,Male,No,0,Graduate,Yes,20166,0.0,650.0,480.0,,Urban,1,20166.0,> 17000,> 10000,3897.07841349292,1402948.2288574511,752948.2288574511
LP001473,Male,No,0,Graduate,No,2014,1929.0,74.0,360.0,1.0,Urban,1,3943.0,"(3500, 5000]",<= 2500,443.66738861304015,159720.25990069445,85720.25990069445
LP001478,Male,No,0,Graduate,No,2718,0.0,70.0,360.0,1.0,Semiurban,1,2718.0,<= 3500,"(2500, 3500]",419.6853676069299,151086.73233849477,81086.73233849477
LP001482,Male,Yes,0,Graduate,Yes,3459,0.0,25.0,120.0,1.0,Semiurban,1,3459.0,<= 3500,"(2500, 3500]",149.88763128818923,53959.54726374812,28959.54726374812
LP001487,Male,No,0,Graduate,No,4895,0.0,102.0,360.0,1.0,Semiurban,1,4895.0,"(3500, 5000]","(3500, 6000]",611.541535655812,220154.95283609233,118154.95283609233
LP001488,Male,Yes,3+,Graduate,No,4000,7750.0,290.0,360.0,1.0,Semiurban,0,11750.0,"(9000, 17000]","(3500, 6000]",1738.696522942995,625930.7482594782,335930.74825947825
LP001489,Female,Yes,0,Graduate,No,4583,0.0,84.0,360.0,1.0,Rural,0,4583.0,"(3500, 5000]","(3500, 6000]",503.62244112831587,181304.07880619372,97304.07880619372
LP001491,Male,Yes,2,Graduate,Yes,3316,3500.0,88.0,360.0,1.0,Urban,1,6816.0,"(5000, 9000]","(2500, 3500]",527.6044621344261,189937.60636839338,101937.60636839338
LP001492,Male,No,0,Graduate,No,14999,0.0,242.0,360.0,0.0,Semiurban,0,14999.0,"(9000, 17000]",> 10000,1450.9122708696718,522328.41751308186,280328.41751308186
LP001493,Male,Yes,2,Not Graduate,No,4200,1430.0,129.0,360.0,1.0,Rural,0,5630.0,"(5000, 9000]","(3500, 6000]",773.4201774470565,278431.2638809403,149431.26388094033
LP001497,Male,Yes,2,Graduate,No,5042,2083.0,185.0,360.0,1.0,Rural,0,7125.0,"(5000, 9000]","(3500, 6000]",1109.1684715326003,399300.6497517361,214300.64975173608
LP001498,Male,No,0,Graduate,No,5417,0.0,168.0,360.0,1.0,Urban,1,5417.0,"(5000, 9000]","(3500, 6000]",1007.2448822566317,362608.15761238744,194608.15761238744
LP001504,Male,No,0,Graduate,Yes,6950,0.0,175.0,180.0,1.0,Semiurban,1,6950.0,"(5000, 9000]","(6000, 10000]",1049.2134190173247,377716.8308462369,202716.8308462369
LP001507,Male,Yes,0,Graduate,No,2698,2034.0,122.0,360.0,1.0,Semiurban,1,4732.0,"(3500, 5000]","(2500, 3500]",731.4516406863635,263322.59064709087,141322.59064709087
LP001508,Male,Yes,2,Graduate,No,11757,0.0,187.0,180.0,1.0,Urban,1,11757.0,"(9000, 17000]",> 10000,1121.1594820356556,403617.413532836,216617.413532836
LP001514,Female,Yes,0,Graduate,No,2330,4486.0,100.0,360.0,1.0,Semiurban,1,6816.0,"(5000, 9000]",<= 2500,599.5505251527569,215838.1890549925,115838.18905499249
LP001516,Female,Yes,2,Graduate,No,14866,0.0,70.0,360.0,1.0,Urban,1,14866.0,"(9000, 17000]",> 10000,419.6853676069299,151086.73233849477,81086.73233849477
LP001518,Male,Yes,1,Graduate,No,1538,1425.0,30.0,360.0,1.0,Urban,1,2963.0,<= 3500,<= 2500,179.8651575458271,64751.45671649775,34751.45671649775
LP001519,Female,No,0,Graduate,No,10000,1666.0,225.0,360.0,1.0,Rural,0,11666.0,"(9000, 17000]","(6000, 10000]",1348.9886815937032,485635.92537373316,260635.92537373316
LP001520,Male,Yes,0,Graduate,No,4860,830.0,125.0,360.0,1.0,Semiurban,1,5690.0,"(5000, 9000]","(3500, 6000]",749.4381564409462,269797.73631874064,144797.73631874064
LP001528,Male,No,0,Graduate,No,6277,0.0,118.0,360.0,0.0,Rural,0,6277.0,"(5000, 9000]","(6000, 10000]",707.4696196802532,254689.06308489115,136689.06308489115
LP001529,Male,Yes,0,Graduate,Yes,2577,3750.0,152.0,360.0,1.0,Rural,1,6327.0,"(5000, 9000]","(2500, 3500]",911.3167982321905,328074.0473635886,176074.0473635886
LP001531,Male,No,0,Graduate,No,9166,0.0,244.0,360.0,1.0,Urban,0,9166.0,"(9000, 17000]","(6000, 10000]",1462.903281372727,526645.1812941817,282645.18129418173
LP001532,Male,Yes,2,Not Graduate,No,2281,0.0,113.0,360.0,1.0,Rural,0,2281.0,<= 3500,<= 2500,677.4920934226153,243897.1536321415,130897.1536321415
LP001535,Male,No,0,Graduate,No,3254,0.0,50.0,360.0,1.0,Urban,1,3254.0,<= 3500,"(2500, 3500]",299.77526257637845,107919.09452749624,57919.09452749624
LP001536,Male,Yes,3+,Graduate,No,39999,0.0,600.0,180.0,0.0,Semiurban,1,39999.0,> 17000,> 10000,3597.3031509165417,1295029.134329955,695029.1343299551
LP001541,Male,Yes,1,Graduate,No,6000,0.0,160.0,360.0,,Rural,1,6000.0,"(5000, 9000]","(3500, 6000]",959.2808402444111,345341.102487988,185341.102487988
LP001543,Male,Yes,1,Graduate,No,9538,0.0,187.0,360.0,1.0,Urban,1,9538.0,"(9000, 17000]","(6000, 10000]",1121.1594820356556,403617.413532836,216617.413532836
LP001546,Male,No,0,Graduate,,2980,2083.0,120.0,360.0,1.0,Rural,1,5063.0,"(5000, 9000]","(2500, 3500]",719.4606301833084,259005.826865991,139005.826865991
LP001552,Male,Yes,0,Graduate,No,4583,5625.0,255.0,360.0,1.0,Semiurban,1,10208.0,"(9000, 17000]","(3500, 6000]",1528.8538391395302,550387.3820902309,295387.38209023094
LP001560,Male,Yes,0,Not Graduate,No,1863,1041.0,98.0,360.0,1.0,Semiurban,1,2904.0,<= 3500,<= 2500,587.5595146497018,211521.42527389264,113521.42527389264
LP001562,Male,Yes,0,Graduate,No,7933,0.0,275.0,360.0,1.0,Urban,0,7933.0,"(5000, 9000]","(6000, 10000]",1648.7639441700815,593555.0199012293,318555.0199012293
LP001565,Male,Yes,1,Graduate,No,3089,1280.0,121.0,360.0,0.0,Semiurban,0,4369.0,"(3500, 5000]","(2500, 3500]",725.4561354348359,261164.20875654093,140164.20875654093
LP001570,Male,Yes,2,Graduate,No,4167,1447.0,158.0,360.0,1.0,Rural,1,5614.0,"(5000, 9000]","(3500, 6000]",947.2898297413559,341024.33870688814,183024.33870688814
LP001572,Male,Yes,0,Graduate,No,9323,0.0,75.0,180.0,1.0,Urban,1,9323.0,"(9000, 17000]","(6000, 10000]",449.6628938645677,161878.6417912444,86878.64179124439
LP001574,Male,Yes,0,Graduate,No,3707,3166.0,182.0,,1.0,Rural,1,6873.0,"(5000, 9000]","(3500, 6000]",1091.1819557780177,392825.50408008636,210825.50408008636
LP001577,Female,Yes,0,Graduate,No,4583,0.0,112.0,360.0,1.0,Rural,0,4583.0,"(3500, 5000]","(3500, 6000]",671.4965881710878,241738.7717415916,129738.7717415916
LP001578,Male,Yes,0,Graduate,No,2439,3333.0,129.0,360.0,1.0,Rural,1,5772.0,"(5000, 9000]",<= 2500,773.4201774470565,278431.2638809403,149431.26388094033
LP001579,Male,No,0,Graduate,No,2237,0.0,63.0,480.0,0.0,Semiurban,0,2237.0,<= 3500,<= 2500,377.71683084623686,135978.05910464528,72978.05910464528
LP001580,Male,Yes,2,Graduate,No,8000,0.0,200.0,360.0,1.0,Semiurban,1,8000.0,"(5000, 9000]","(6000, 10000]",1199.1010503055138,431676.378109985,231676.37810998497
LP001581,Male,Yes,0,Not Graduate,,1820,1769.0,95.0,360.0,1.0,Rural,1,3589.0,"(3500, 5000]",<= 2500,569.5729988951191,205046.27960224287,110046.27960224287
LP001585,,Yes,3+,Graduate,No,51763,0.0,700.0,300.0,1.0,Urban,1,51763.0,> 17000,> 10000,4196.853676069299,1510867.3233849476,810867.3233849476
LP001586,Male,Yes,3+,Not Graduate,No,3522,0.0,81.0,180.0,1.0,Rural,0,3522.0,"(3500, 5000]","(3500, 6000]",485.63592537373313,174828.9331345439,93828.93313454391
LP001594,Male,Yes,0,Graduate,No,5708,5625.0,187.0,360.0,1.0,Semiurban,1,11333.0,"(9000, 17000]","(3500, 6000]",1121.1594820356556,403617.413532836,216617.413532836
LP001603,Male,Yes,0,Not Graduate,Yes,4344,736.0,87.0,360.0,1.0,Semiurban,0,5080.0,"(5000, 9000]","(3500, 6000]",521.6089568828986,187779.2244778435,100779.2244778435
LP001606,Male,Yes,0,Graduate,No,3497,1964.0,116.0,360.0,1.0,Rural,1,5461.0,"(5000, 9000]","(2500, 3500]",695.478609177198,250372.29930379128,134372.29930379128
LP001608,Male,Yes,2,Graduate,No,2045,1619.0,101.0,360.0,1.0,Rural,1,3664.0,"(3500, 5000]",<= 2500,605.5460304042846,217996.57094554245,116996.57094554245
LP001610,Male,Yes,3+,Graduate,No,5516,11300.0,495.0,360.0,0.0,Semiurban,0,16816.0,"(9000, 17000]","(3500, 6000]",2967.775099506147,1068399.035822213,573399.0358222129
LP001616,Male,Yes,1,Graduate,No,3750,0.0,116.0,360.0,1.0,Semiurban,1,3750.0,"(3500, 5000]","(3500, 6000]",695.478609177198,250372.29930379128,134372.29930379128
LP001630,Male,No,0,Not Graduate,No,2333,1451.0,102.0,480.0,0.0,Urban,0,3784.0,"(3500, 5000]",<= 2500,611.541535655812,220154.95283609233,118154.95283609233
LP001633,Male,Yes,1,Graduate,No,6400,7250.0,180.0,360.0,0.0,Urban,0,13650.0,"(9000, 17000]","(6000, 10000]",1079.1909452749626,388508.74029898655,208508.74029898655
LP001634,Male,No,0,Graduate,No,1916,5063.0,67.0,360.0,,Rural,0,6979.0,"(5000, 9000]",<= 2500,401.69885185234716,144611.586666845,77611.58666684499
LP001636,Male,Yes,0,Graduate,No,4600,0.0,73.0,180.0,1.0,Semiurban,1,4600.0,"(3500, 5000]","(3500, 6000]",437.6718833615125,157561.87801014452,84561.87801014452
LP001637,Male,Yes,1,Graduate,No,33846,0.0,260.0,360.0,1.0,Semiurban,0,33846.0,> 17000,> 10000,1558.8313653971682,561179.2915429806,301179.2915429806
LP001639,Female,Yes,0,Graduate,No,3625,0.0,108.0,360.0,1.0,Semiurban,1,3625.0,"(3500, 5000]","(3500, 6000]",647.5145671649775,233105.2441793919,125105.24417939191
LP001640,Male,Yes,0,Graduate,Yes,39147,4750.0,120.0,360.0,1.0,Semiurban,1,43897.0,> 17000,> 10000,719.4606301833084,259005.826865991,139005.826865991
LP001641,Male,Yes,1,Graduate,Yes,2178,0.0,66.0,300.0,0.0,Rural,0,2178.0,<= 3500,<= 2500,395.7033466008196,142453.20477629505,76453.20477629505
LP001643,Male,Yes,0,Graduate,No,2383,2138.0,58.0,360.0,,Rural,1,4521.0,"(3500, 5000]",<= 2500,347.739304588599,125186.14965189564,67186.14965189564
LP001644,,Yes,0,Graduate,Yes,674,5296.0,168.0,360.0,1.0,Rural,1,5970.0,"(5000, 9000]",<= 2500,1007.2448822566317,362608.15761238744,194608.15761238744
LP001647,Male,Yes,0,Graduate,No,9328,0.0,188.0,180.0,1.0,Rural,1,9328.0,"(9000, 17000]","(6000, 10000]",1127.154987287183,405775.7954233859,217775.79542338592
LP001653,Male,No,0,Not Graduate,No,4885,0.0,48.0,360.0,1.0,Rural,1,4885.0,"(3500, 5000]","(3500, 6000]",287.78425207332333,103602.3307463964,55602.3307463964
LP001656,Male,No,0,Graduate,No,12000,0.0,164.0,360.0,1.0,Semiurban,0,12000.0,"(9000, 17000]",> 10000,983.2628612505214,353974.6300501877,189974.6300501877
LP001657,Male,Yes,0,Not Graduate,No,6033,0.0,160.0,360.0,1.0,Urban,0,6033.0,"(5000, 9000]","(6000, 10000]",959.2808402444111,345341.102487988,185341.102487988
LP001658,Male,No,0,Graduate,No,3858,0.0,76.0,360.0,1.0,Semiurban,1,3858.0,"(3500, 5000]","(3500, 6000]",455.65839911609527,164037.0236817943,88037.0236817943
LP001664,Male,No,0,Graduate,No,4191,0.0,120.0,360.0,1.0,Rural,1,4191.0,"(3500, 5000]","(3500, 6000]",719.4606301833084,259005.826865991,139005.826865991
LP001665,Male,Yes,1,Graduate,No,3125,2583.0,170.0,360.0,1.0,Semiurban,0,5708.0,"(5000, 9000]","(2500, 3500]",1019.2358927596867,366924.92139348725,196924.92139348725
LP001666,Male,No,0,Graduate,No,8333,3750.0,187.0,360.0,1.0,Rural,1,12083.0,"(9000, 17000]","(6000, 10000]",1121.1594820356556,403617.413532836,216617.413532836
LP001669,Female,No,0,Not Graduate,No,1907,2365.0,120.0,,1.0,Urban,1,4272.0,"(3500, 5000]",<= 2500,719.4606301833084,259005.826865991,139005.826865991
LP001671,Female,Yes,0,Graduate,No,3416,2816.0,113.0,360.0,,Semiurban,1,6232.0,"(5000, 9000]","(2500, 3500]",677.4920934226153,243897.1536321415,130897.1536321415
LP001673,Male,No,0,Graduate,Yes,11000,0.0,83.0,360.0,1.0,Urban,0,11000.0,"(9000, 17000]",> 10000,497.62693587678825,179145.69691564378,96145.69691564378
LP001674,Male,Yes,1,Not Graduate,No,2600,2500.0,90.0,360.0,1.0,Semiurban,1,5100.0,"(5000, 9000]","(2500, 3500]",539.5954726374813,194254.37014949328,104254.37014949328
LP001677,Male,No,2,Graduate,No,4923,0.0,166.0,360.0,0.0,Semiurban,1,4923.0,"(3500, 5000]","(3500, 6000]",995.2538717535765,358291.39383128757,192291.39383128757
LP001682,Male,Yes,3+,Not Graduate,No,3992,0.0,,180.0,1.0,Urban,0,3992.0,"(3500, 5000]","(3500, 6000]",,,
LP001688,Male,Yes,1,Not Graduate,No,3500,1083.0,135.0,360.0,1.0,Urban,1,4583.0,"(3500, 5000]","(2500, 3500]",809.3932089562219,291381.5552242399,156381.55522423988
LP001691,Male,Yes,2,Not Graduate,No,3917,0.0,124.0,360.0,1.0,Semiurban,1,3917.0,"(3500, 5000]","(3500, 6000]",743.4426511894186,267639.3544281907,143639.35442819068
LP001692,Female,No,0,Not Graduate,No,4408,0.0,120.0,360.0,1.0,Semiurban,1,4408.0,"(3500, 5000]","(3500, 6000]",719.4606301833084,259005.826865991,139005.826865991
LP001693,Female,No,0,Graduate,No,3244,0.0,80.0,360.0,1.0,Urban,1,3244.0,<= 3500,"(2500, 3500]",479.64042012220557,172670.551243994,92670.551243994
LP001698,Male,No,0,Not Graduate,No,3975,2531.0,55.0,360.0,1.0,Rural,1,6506.0,"(5000, 9000]","(3500, 6000]",329.7527888340163,118711.00398024588,63711.00398024588
LP001699,Male,No,0,Graduate,No,2479,0.0,59.0,360.0,1.0,Urban,1,2479.0,<= 3500,<= 2500,353.7348098401266,127344.53154244558,68344.53154244558
LP001702,Male,No,0,Graduate,No,3418,0.0,127.0,360.0,1.0,Semiurban,0,3418.0,<= 3500,"(2500, 3500]",761.4291669440014,274114.5000998405,147114.50009984052
LP001708,Female,No,0,Graduate,No,10000,0.0,214.0,360.0,1.0,Semiurban,0,10000.0,"(9000, 17000]","(6000, 10000]",1283.0381238269,461893.72457768396,247893.72457768396
LP001711,Male,Yes,3+,Graduate,No,3430,1250.0,128.0,360.0,0.0,Semiurban,0,4680.0,"(3500, 5000]","(2500, 3500]",767.4246721955288,276272.88199039036,148272.88199039036
LP001713,Male,Yes,1,Graduate,Yes,7787,0.0,240.0,360.0,1.0,Urban,1,7787.0,"(5000, 9000]","(6000, 10000]",1438.9212603666167,518011.653731982,278011.653731982
LP001715,Male,Yes,3+,Not Graduate,Yes,5703,0.0,130.0,360.0,1.0,Rural,1,5703.0,"(5000, 9000]","(3500, 6000]",779.4156826985841,280589.6457714903,150589.6457714903
LP001716,Male,Yes,0,Graduate,No,3173,3021.0,137.0,360.0,1.0,Urban,1,6194.0,"(5000, 9000]","(2500, 3500]",821.3842194592771,295698.31900533976,158698.31900533976
LP001720,Male,Yes,3+,Not Graduate,No,3850,983.0,100.0,360.0,1.0,Semiurban,1,4833.0,"(3500, 5000]","(3500, 6000]",599.5505251527569,215838.1890549925,115838.18905499249
LP001722,Male,Yes,0,Graduate,No,150,1800.0,135.0,360.0,1.0,Rural,0,1950.0,<= 3500,<= 2500,809.3932089562219,291381.5552242399,156381.55522423988
LP001726,Male,Yes,0,Graduate,No,3727,1775.0,131.0,360.0,1.0,Semiurban,1,5502.0,"(5000, 9000]","(3500, 6000]",785.4111879501115,282748.02766204014,151748.02766204014
LP001732,Male,Yes,2,Graduate,,5000,0.0,72.0,360.0,0.0,Semiurban,0,5000.0,"(3500, 5000]","(3500, 6000]",431.676378109985,155403.4961195946,83403.49611959461
LP001734,Female,Yes,2,Graduate,No,4283,2383.0,127.0,360.0,,Semiurban,1,6666.0,"(5000, 9000]","(3500, 6000]",761.4291669440014,274114.5000998405,147114.50009984052
LP001736,Male,Yes,0,Graduate,No,2221,0.0,60.0,360.0,0.0,Urban,0,2221.0,<= 3500,<= 2500,359.7303150916542,129502.9134329955,69502.9134329955
LP001743,Male,Yes,2,Graduate,No,4009,1717.0,116.0,360.0,1.0,Semiurban,1,5726.0,"(5000, 9000]","(3500, 6000]",695.478609177198,250372.29930379128,134372.29930379128
LP001744,Male,No,0,Graduate,No,2971,2791.0,144.0,360.0,1.0,Semiurban,1,5762.0,"(5000, 9000]","(2500, 3500]",863.35275621997,310806.9922391892,166806.99223918922
LP001749,Male,Yes,0,Graduate,No,7578,1010.0,175.0,,1.0,Semiurban,1,8588.0,"(5000, 9000]","(6000, 10000]",1049.2134190173247,377716.8308462369,202716.8308462369
LP001750,Male,Yes,0,Graduate,No,6250,0.0,128.0,360.0,1.0,Semiurban,1,6250.0,"(5000, 9000]","(6000, 10000]",767.4246721955288,276272.88199039036,148272.88199039036
LP001751,Male,Yes,0,Graduate,No,3250,0.0,170.0,360.0,1.0,Rural,0,3250.0,<= 3500,"(2500, 3500]",1019.2358927596867,366924.92139348725,196924.92139348725
LP001754,Male,Yes,,Not Graduate,Yes,4735,0.0,138.0,360.0,1.0,Urban,0,4735.0,"(3500, 5000]","(3500, 6000]",827.3797247108046,297856.70089588966,159856.70089588966
LP001758,Male,Yes,2,Graduate,No,6250,1695.0,210.0,360.0,1.0,Semiurban,1,7945.0,"(5000, 9000]","(6000, 10000]",1259.0561028207896,453260.1970154843,243260.19701548427
LP001760,Male,,,Graduate,No,4758,0.0,158.0,480.0,1.0,Semiurban,1,4758.0,"(3500, 5000]","(3500, 6000]",947.2898297413559,341024.33870688814,183024.33870688814
LP001761,Male,No,0,Graduate,Yes,6400,0.0,200.0,360.0,1.0,Rural,1,6400.0,"(5000, 9000]","(6000, 10000]",1199.1010503055138,431676.378109985,231676.37810998497
LP001765,Male,Yes,1,Graduate,No,2491,2054.0,104.0,360.0,1.0,Semiurban,1,4545.0,"(3500, 5000]",<= 2500,623.5325461588673,224471.7166171922,120471.7166171922
LP001768,Male,Yes,0,Graduate,,3716,0.0,42.0,180.0,1.0,Rural,1,3716.0,"(3500, 5000]","(3500, 6000]",251.81122056415794,90652.03940309686,48652.03940309686
LP001770,Male,No,0,Not Graduate,No,3189,2598.0,120.0,,1.0,Rural,1,5787.0,"(5000, 9000]","(2500, 3500]",719.4606301833084,259005.826865991,139005.826865991
LP001776,Female,No,0,Graduate,No,8333,0.0,280.0,360.0,1.0,Semiurban,1,8333.0,"(5000, 9000]","(6000, 10000]",1678.7414704277196,604346.9293539791,324346.92935397907
LP001778,Male,Yes,1,Graduate,No,3155,1779.0,140.0,360.0,1.0,Semiurban,1,4934.0,"(3500, 5000]","(2500, 3500]",839.3707352138598,302173.46467698953,162173.46467698953
LP001784,Male,Yes,1,Graduate,No,5500,1260.0,170.0,360.0,1.0,Rural,1,6760.0,"(5000, 9000]","(3500, 6000]",1019.2358927596867,366924.92139348725,196924.92139348725
LP001786,Male,Yes,0,Graduate,,5746,0.0,255.0,360.0,,Urban,0,5746.0,"(5000, 9000]","(3500, 6000]",1528.8538391395302,550387.3820902309,295387.38209023094
LP001788,Female,No,0,Graduate,Yes,3463,0.0,122.0,360.0,,Urban,1,3463.0,<= 3500,"(2500, 3500]",731.4516406863635,263322.59064709087,141322.59064709087
LP001790,Female,No,1,Graduate,No,3812,0.0,112.0,360.0,1.0,Rural,1,3812.0,"(3500, 5000]","(3500, 6000]",671.4965881710878,241738.7717415916,129738.7717415916
LP001792,Male,Yes,1,Graduate,No,3315,0.0,96.0,360.0,1.0,Semiurban,1,3315.0,<= 3500,"(2500, 3500]",575.5685041466467,207204.6614927928,111204.6614927928
LP001798,Male,Yes,2,Graduate,No,5819,5000.0,120.0,360.0,1.0,Rural,1,10819.0,"(9000, 17000]","(3500, 6000]",719.4606301833084,259005.826865991,139005.826865991
LP001800,Male,Yes,1,Not Graduate,No,2510,1983.0,140.0,180.0,1.0,Urban,0,4493.0,"(3500, 5000]","(2500, 3500]",839.3707352138598,302173.46467698953,162173.46467698953
LP001806,Male,No,0,Graduate,No,2965,5701.0,155.0,60.0,1.0,Urban,1,8666.0,"(5000, 9000]","(2500, 3500]",929.3033139867732,334549.19303523836,179549.19303523836
LP001807,Male,Yes,2,Graduate,Yes,6250,1300.0,108.0,360.0,1.0,Rural,1,7550.0,"(5000, 9000]","(6000, 10000]",647.5145671649775,233105.2441793919,125105.24417939191
LP001811,Male,Yes,0,Not Graduate,No,3406,4417.0,123.0,360.0,1.0,Semiurban,1,7823.0,"(5000, 9000]","(2500, 3500]",737.447145937891,265480.9725376408,142480.97253764077
LP001813,Male,No,0,Graduate,Yes,6050,4333.0,120.0,180.0,1.0,Urban,0,10383.0,"(9000, 17000]","(6000, 10000]",719.4606301833084,259005.826865991,139005.826865991
LP001814,Male,Yes,2,Graduate,No,9703,0.0,112.0,360.0,1.0,Urban,1,9703.0,"(9000, 17000]","(6000, 10000]",671.4965881710878,241738.7717415916,129738.7717415916
LP001819,Male,Yes,1,Not Graduate,No,6608,0.0,137.0,180.0,1.0,Urban,1,6608.0,"(5000, 9000]","(6000, 10000]",821.3842194592771,295698.31900533976,158698.31900533976
LP001824,Male,Yes,1,Graduate,No,2882,1843.0,123.0,480.0,1.0,Semiurban,1,4725.0,"(3500, 5000]","(2500, 3500]",737.447145937891,265480.9725376408,142480.97253764077
LP001825,Male,Yes,0,Graduate,No,1809,1868.0,90.0,360.0,1.0,Urban,1,3677.0,"(3500, 5000]",<= 2500,539.5954726374813,194254.37014949328,104254.37014949328
LP001835,Male,Yes,0,Not Graduate,No,1668,3890.0,201.0,360.0,0.0,Semiurban,0,5558.0,"(5000, 9000]",<= 2500,1205.0965555570415,433834.76000053494,232834.76000053494
LP001836,Female,No,2,Graduate,No,3427,0.0,138.0,360.0,1.0,Urban,0,3427.0,<= 3500,"(2500, 3500]",827.3797247108046,297856.70089588966,159856.70089588966
LP001841,Male,No,0,Not Graduate,Yes,2583,2167.0,104.0,360.0,1.0,Rural,1,4750.0,"(3500, 5000]","(2500, 3500]",623.5325461588673,224471.7166171922,120471.7166171922
LP001843,Male,Yes,1,Not Graduate,No,2661,7101.0,279.0,180.0,1.0,Semiurban,1,9762.0,"(9000, 17000]","(2500, 3500]",1672.745965176192,602188.547463429,323188.54746342904
LP001844,Male,No,0,Graduate,Yes,16250,0.0,192.0,360.0,0.0,Urban,0,16250.0,"(9000, 17000]",> 10000,1151.1370082932933,414409.3229855856,222409.3229855856
LP001846,Female,No,3+,Graduate,No,3083,0.0,255.0,360.0,1.0,Rural,1,3083.0,<= 3500,"(2500, 3500]",1528.8538391395302,550387.3820902309,295387.38209023094
LP001849,Male,No,0,Not Graduate,No,6045,0.0,115.0,360.0,0.0,Rural,0,6045.0,"(5000, 9000]","(6000, 10000]",689.4831039256705,248213.9174132414,133213.9174132414
LP001854,Male,Yes,3+,Graduate,No,5250,0.0,94.0,360.0,1.0,Urban,0,5250.0,"(5000, 9000]","(3500, 6000]",563.5774936435915,202887.89771169296,108887.89771169296
LP001859,Male,Yes,0,Graduate,No,14683,2100.0,304.0,360.0,1.0,Rural,0,16783.0,"(9000, 17000]",> 10000,1822.633596464381,656148.0947271772,352148.0947271772
LP001864,Male,Yes,3+,Not Graduate,No,4931,0.0,128.0,360.0,,Semiurban,0,4931.0,"(3500, 5000]","(3500, 6000]",767.4246721955288,276272.88199039036,148272.88199039036
LP001865,Male,Yes,1,Graduate,No,6083,4250.0,330.0,360.0,,Urban,1,10333.0,"(9000, 17000]","(6000, 10000]",1978.5167330040981,712266.0238814753,382266.0238814753
LP001868,Male,No,0,Graduate,No,2060,2209.0,134.0,360.0,1.0,Semiurban,1,4269.0,"(3500, 5000]",<= 2500,803.3977037046943,289223.17333369,155223.17333368998
LP001870,Female,No,1,Graduate,No,3481,0.0,155.0,36.0,1.0,Semiurban,0,3481.0,<= 3500,"(2500, 3500]",929.3033139867732,334549.19303523836,179549.19303523836
LP001871,Female,No,0,Graduate,No,7200,0.0,120.0,360.0,1.0,Rural,1,7200.0,"(5000, 9000]","(6000, 10000]",719.4606301833084,259005.826865991,139005.826865991
LP001872,Male,No,0,Graduate,Yes,5166,0.0,128.0,360.0,1.0,Semiurban,1,5166.0,"(5000, 9000]","(3500, 6000]",767.4246721955288,276272.88199039036,148272.88199039036
LP001875,Male,No,0,Graduate,No,4095,3447.0,151.0,360.0,1.0,Rural,1,7542.0,"(5000, 9000]","(3500, 6000]",905.321292980663,325915.6654730387,174915.66547303868
LP001877,Male,Yes,2,Graduate,No,4708,1387.0,150.0,360.0,1.0,Semiurban,1,6095.0,"(5000, 9000]","(3500, 6000]",899.3257877291354,323757.2835824888,173757.28358248877
LP001882,Male,Yes,3+,Graduate,No,4333,1811.0,160.0,360.0,0.0,Urban,1,6144.0,"(5000, 9000]","(3500, 6000]",959.2808402444111,345341.102487988,185341.102487988
LP001883,Female,No,0,Graduate,,3418,0.0,135.0,360.0,1.0,Rural,0,3418.0,<= 3500,"(2500, 3500]",809.3932089562219,291381.5552242399,156381.55522423988
LP001884,Female,No,1,Graduate,No,2876,1560.0,90.0,360.0,1.0,Urban,1,4436.0,"(3500, 5000]","(2500, 3500]",539.5954726374813,194254.37014949328,104254.37014949328
LP001888,Female,No,0,Graduate,No,3237,0.0,30.0,360.0,1.0,Urban,1,3237.0,<= 3500,"(2500, 3500]",179.8651575458271,64751.45671649775,34751.45671649775
LP001891,Male,Yes,0,Graduate,No,11146,0.0,136.0,360.0,1.0,Urban,1,11146.0,"(9000, 17000]",> 10000,815.3887142077494,293539.9371147898,157539.9371147898
LP001892,Male,No,0,Graduate,No,2833,1857.0,126.0,360.0,1.0,Rural,1,4690.0,"(3500, 5000]","(2500, 3500]",755.4336616924737,271956.11820929055,145956.11820929055
LP001894,Male,Yes,0,Graduate,No,2620,2223.0,150.0,360.0,1.0,Semiurban,1,4843.0,"(3500, 5000]","(2500, 3500]",899.3257877291354,323757.2835824888,173757.28358248877
LP001896,Male,Yes,2,Graduate,No,3900,0.0,90.0,360.0,1.0,Semiurban,1,3900.0,"(3500, 5000]","(3500, 6000]",539.5954726374813,194254.37014949328,104254.37014949328
LP001900,Male,Yes,1,Graduate,No,2750,1842.0,115.0,360.0,1.0,Semiurban,1,4592.0,"(3500, 5000]","(2500, 3500]",689.4831039256705,248213.9174132414,133213.9174132414
LP001903,Male,Yes,0,Graduate,No,3993,3274.0,207.0,360.0,1.0,Semiurban,1,7267.0,"(5000, 9000]","(3500, 6000]",1241.0695870662069,446785.0513438345,239785.0513438345
LP001904,Male,Yes,0,Graduate,No,3103,1300.0,80.0,360.0,1.0,Urban,1,4403.0,"(3500, 5000]","(2500, 3500]",479.64042012220557,172670.551243994,92670.551243994
LP001907,Male,Yes,0,Graduate,No,14583,0.0,436.0,360.0,1.0,Semiurban,1,14583.0,"(9000, 17000]",> 10000,2614.0402896660203,941054.5042797673,505054.5042797673
LP001908,Female,Yes,0,Not Graduate,No,4100,0.0,124.0,360.0,,Rural,1,4100.0,"(3500, 5000]","(3500, 6000]",743.4426511894186,267639.3544281907,143639.35442819068
LP001910,Male,No,1,Not Graduate,Yes,4053,2426.0,158.0,360.0,0.0,Urban,0,6479.0,"(5000, 9000]","(3500, 6000]",947.2898297413559,341024.33870688814,183024.33870688814
LP001914,Male,Yes,0,Graduate,No,3927,800.0,112.0,360.0,1.0,Semiurban,1,4727.0,"(3500, 5000]","(3500, 6000]",671.4965881710878,241738.7717415916,129738.7717415916
LP001915,Male,Yes,2,Graduate,No,2301,985.7999878,78.0,180.0,1.0,Urban,1,3286.7999878,<= 3500,<= 2500,467.64940961915045,168353.78746289416,90353.78746289416
LP001917,Female,No,0,Graduate,No,1811,1666.0,54.0,360.0,1.0,Urban,1,3477.0,<= 3500,<= 2500,323.75728358248875,116552.62208969596,62552.62208969596
LP001922,Male,Yes,0,Graduate,No,20667,0.0,,360.0,1.0,Rural,0,20667.0,> 17000,> 10000,,,
LP001924,Male,No,0,Graduate,No,3158,3053.0,89.0,360.0,1.0,Rural,1,6211.0,"(5000, 9000]","(2500, 3500]",533.5999673859537,192095.98825894334,103095.98825894334
LP001925,Female,No,0,Graduate,Yes,2600,1717.0,99.0,300.0,1.0,Semiurban,0,4317.0,"(3500, 5000]","(2500, 3500]",593.5550199012293,213679.80716444255,114679.80716444255
LP001926,Male,Yes,0,Graduate,No,3704,2000.0,120.0,360.0,1.0,Rural,1,5704.0,"(5000, 9000]","(3500, 6000]",719.4606301833084,259005.826865991,139005.826865991
LP001931,Female,No,0,Graduate,No,4124,0.0,115.0,360.0,1.0,Semiurban,1,4124.0,"(3500, 5000]","(3500, 6000]",689.4831039256705,248213.9174132414,133213.9174132414
LP001935,Male,No,0,Graduate,No,9508,0.0,187.0,360.0,1.0,Rural,1,9508.0,"(9000, 17000]","(6000, 10000]",1121.1594820356556,403617.413532836,216617.413532836
LP001936,Male,Yes,0,Graduate,No,3075,2416.0,139.0,360.0,1.0,Rural,1,5491.0,"(5000, 9000]","(2500, 3500]",833.3752299623321,300015.08278643957,161015.08278643957
LP001938,Male,Yes,2,Graduate,No,4400,0.0,127.0,360.0,0.0,Semiurban,0,4400.0,"(3500, 5000]","(3500, 6000]",761.4291669440014,274114.5000998405,147114.50009984052
LP001940,Male,Yes,2,Graduate,No,3153,1560.0,134.0,360.0,1.0,Urban,1,4713.0,"(3500, 5000]","(2500, 3500]",803.3977037046943,289223.17333369,155223.17333368998
LP001945,Female,No,,Graduate,No,5417,0.0,143.0,480.0,0.0,Urban,0,5417.0,"(5000, 9000]","(3500, 6000]",857.3572509684424,308648.61034863925,165648.61034863925
LP001947,Male,Yes,0,Graduate,No,2383,3334.0,172.0,360.0,1.0,Semiurban,1,5717.0,"(5000, 9000]",<= 2500,1031.2269032627419,371241.68517458707,199241.68517458707
LP001949,Male,Yes,3+,Graduate,,4416,1250.0,110.0,360.0,1.0,Urban,1,5666.0,"(5000, 9000]","(3500, 6000]",659.5055776680326,237422.00796049176,127422.00796049176
LP001953,Male,Yes,1,Graduate,No,6875,0.0,200.0,360.0,1.0,Semiurban,1,6875.0,"(5000, 9000]","(6000, 10000]",1199.1010503055138,431676.378109985,231676.37810998497
LP001954,Female,Yes,1,Graduate,No,4666,0.0,135.0,360.0,1.0,Urban,1,4666.0,"(3500, 5000]","(3500, 6000]",809.3932089562219,291381.5552242399,156381.55522423988
LP001955,Female,No,0,Graduate,No,5000,2541.0,151.0,480.0,1.0,Rural,0,7541.0,"(5000, 9000]","(3500, 6000]",905.321292980663,325915.6654730387,174915.66547303868
LP001963,Male,Yes,1,Graduate,No,2014,2925.0,113.0,360.0,1.0,Urban,0,4939.0,"(3500, 5000]",<= 2500,677.4920934226153,243897.1536321415,130897.1536321415
LP001964,Male,Yes,0,Not Graduate,No,1800,2934.0,93.0,360.0,0.0,Urban,0,4734.0,"(3500, 5000]",<= 2500,557.5819883920639,200729.515821143,107729.515821143
LP001972,Male,Yes,,Not Graduate,No,2875,1750.0,105.0,360.0,1.0,Semiurban,1,4625.0,"(3500, 5000]","(2500, 3500]",629.5280514103948,226630.09850774214,121630.09850774214
LP001974,Female,No,0,Graduate,No,5000,0.0,132.0,360.0,1.0,Rural,1,5000.0,"(3500, 5000]","(3500, 6000]",791.4066932016392,284906.4095525901,152906.4095525901
LP001977,Male,Yes,1,Graduate,No,1625,1803.0,96.0,360.0,1.0,Urban,1,3428.0,<= 3500,<= 2500,575.5685041466467,207204.6614927928,111204.6614927928
LP001978,Male,No,0,Graduate,No,4000,2500.0,140.0,360.0,1.0,Rural,1,6500.0,"(5000, 9000]","(3500, 6000]",839.3707352138598,302173.46467698953,162173.46467698953
LP001990,Male,No,0,Not Graduate,No,2000,0.0,,360.0,1.0,Urban,0,2000.0,<= 3500,<= 2500,,,
LP001993,Female,No,0,Graduate,No,3762,1666.0,135.0,360.0,1.0,Rural,1,5428.0,"(5000, 9000]","(3500, 6000]",809.3932089562219,291381.5552242399,156381.55522423988
LP001994,Female,No,0,Graduate,No,2400,1863.0,104.0,360.0,0.0,Urban,0,4263.0,"(3500, 5000]",<= 2500,623.5325461588673,224471.7166171922,120471.7166171922
LP001996,Male,No,0,Graduate,No,20233,0.0,480.0,360.0,1.0,Rural,0,20233.0,> 17000,> 10000,2877.8425207332334,1036023.307463964,556023.307463964
LP001998,Male,Yes,2,Not Graduate,No,7667,0.0,185.0,360.0,,Rural,1,7667.0,"(5000, 9000]","(6000, 10000]",1109.1684715326003,399300.6497517361,214300.64975173608
LP002002,Female,No,0,Graduate,No,2917,0.0,84.0,360.0,1.0,Semiurban,1,2917.0,<= 3500,"(2500, 3500]",503.62244112831587,181304.07880619372,97304.07880619372
LP002004,Male,No,0,Not Graduate,No,2927,2405.0,111.0,360.0,1.0,Semiurban,1,5332.0,"(5000, 9000]","(2500, 3500]",665.5010829195602,239580.38985104166,128580.38985104166
LP002006,Female,No,0,Graduate,No,2507,0.0,56.0,360.0,1.0,Rural,1,2507.0,<= 3500,"(2500, 3500]",335.7482940855439,120869.3858707958,64869.3858707958
LP002008,Male,Yes,2,Graduate,Yes,5746,0.0,144.0,84.0,,Rural,1,5746.0,"(5000, 9000]","(3500, 6000]",863.35275621997,310806.9922391892,166806.99223918922
LP002024,,Yes,0,Graduate,No,2473,1843.0,159.0,360.0,1.0,Rural,0,4316.0,"(3500, 5000]",<= 2500,953.2853349928836,343182.7205974381,184182.7205974381
LP002031,Male,Yes,1,Not Graduate,No,3399,1640.0,111.0,180.0,1.0,Urban,1,5039.0,"(5000, 9000]","(2500, 3500]",665.5010829195602,239580.38985104166,128580.38985104166
LP002035,Male,Yes,2,Graduate,No,3717,0.0,120.0,360.0,1.0,Semiurban,1,3717.0,"(3500, 5000]","(3500, 6000]",719.4606301833084,259005.826865991,139005.826865991
LP002036,Male,Yes,0,Graduate,No,2058,2134.0,88.0,360.0,,Urban,1,4192.0,"(3500, 5000]",<= 2500,527.6044621344261,189937.60636839338,101937.60636839338
LP002043,Female,No,1,Graduate,No,3541,0.0,112.0,360.0,,Semiurban,1,3541.0,"(3500, 5000]","(3500, 6000]",671.4965881710878,241738.7717415916,129738.7717415916
LP002050,Male,Yes,1,Graduate,Yes,10000,0.0,155.0,360.0,1.0,Rural,0,10000.0,"(9000, 17000]","(6000, 10000]",929.3033139867732,334549.19303523836,179549.19303523836
LP002051,Male,Yes,0,Graduate,No,2400,2167.0,115.0,360.0,1.0,Semiurban,1,4567.0,"(3500, 5000]",<= 2500,689.4831039256705,248213.9174132414,133213.9174132414
LP002053,Male,Yes,3+,Graduate,No,4342,189.0,124.0,360.0,1.0,Semiurban,1,4531.0,"(3500, 5000]","(3500, 6000]",743.4426511894186,267639.3544281907,143639.35442819068
LP002054,Male,Yes,2,Not Graduate,No,3601,1590.0,,360.0,1.0,Rural,1,5191.0,"(5000, 9000]","(3500, 6000]",,,
LP002055,Female,No,0,Graduate,No,3166,2985.0,132.0,360.0,,Rural,1,6151.0,"(5000, 9000]","(2500, 3500]",791.4066932016392,284906.4095525901,152906.4095525901
LP002065,Male,Yes,3+,Graduate,No,15000,0.0,300.0,360.0,1.0,Rural,1,15000.0,"(9000, 17000]",> 10000,1798.6515754582708,647514.5671649775,347514.56716497755
LP002067,Male,Yes,1,Graduate,Yes,8666,4983.0,376.0,360.0,0.0,Rural,0,13649.0,"(9000, 17000]","(6000, 10000]",2254.309974574366,811551.5908467718,435551.59084677184
LP002068,Male,No,0,Graduate,No,4917,0.0,130.0,360.0,0.0,Rural,1,4917.0,"(3500, 5000]","(3500, 6000]",779.4156826985841,280589.6457714903,150589.6457714903
LP002082,Male,Yes,0,Graduate,Yes,5818,2160.0,184.0,360.0,1.0,Semiurban,1,7978.0,"(5000, 9000]","(3500, 6000]",1103.1729662810728,397142.26786118624,213142.26786118624
LP002086,Female,Yes,0,Graduate,No,4333,2451.0,110.0,360.0,1.0,Urban,0,6784.0,"(5000, 9000]","(3500, 6000]",659.5055776680326,237422.00796049176,127422.00796049176
LP002087,Female,No,0,Graduate,No,2500,0.0,67.0,360.0,1.0,Urban,1,2500.0,<= 3500,<= 2500,401.69885185234716,144611.586666845,77611.58666684499
LP002097,Male,No,1,Graduate,No,4384,1793.0,117.0,360.0,1.0,Urban,1,6177.0,"(5000, 9000]","(3500, 6000]",701.4741144287257,252530.68119434125,135530.68119434125
LP002098,Male,No,0,Graduate,No,2935,0.0,98.0,360.0,1.0,Semiurban,1,2935.0,<= 3500,"(2500, 3500]",587.5595146497018,211521.42527389264,113521.42527389264
LP002100,Male,No,,Graduate,No,2833,0.0,71.0,360.0,1.0,Urban,1,2833.0,<= 3500,"(2500, 3500]",425.6808728584574,153245.11422904467,82245.11422904467
LP002101,Male,Yes,0,Graduate,,63337,0.0,490.0,180.0,1.0,Urban,1,63337.0,> 17000,> 10000,2937.7975732485093,1057607.1263694633,567607.1263694633
LP002103,,Yes,1,Graduate,Yes,9833,1833.0,182.0,180.0,1.0,Urban,1,11666.0,"(9000, 17000]","(6000, 10000]",1091.1819557780177,392825.50408008636,210825.50408008636
LP002106,Male,Yes,,Graduate,Yes,5503,4490.0,70.0,,1.0,Semiurban,1,9993.0,"(9000, 17000]","(3500, 6000]",419.6853676069299,151086.73233849477,81086.73233849477
LP002110,Male,Yes,1,Graduate,,5250,688.0,160.0,360.0,1.0,Rural,1,5938.0,"(5000, 9000]","(3500, 6000]",959.2808402444111,345341.102487988,185341.102487988
LP002112,Male,Yes,2,Graduate,Yes,2500,4600.0,176.0,360.0,1.0,Rural,1,7100.0,"(5000, 9000]",<= 2500,1055.2089242688521,379875.21273678675,203875.21273678675
LP002113,Female,No,3+,Not Graduate,No,1830,0.0,,360.0,0.0,Urban,0,1830.0,<= 3500,<= 2500,,,
LP002114,Female,No,0,Graduate,No,4160,0.0,71.0,360.0,1.0,Semiurban,1,4160.0,"(3500, 5000]","(3500, 6000]",425.6808728584574,153245.11422904467,82245.11422904467
LP002115,Male,Yes,3+,Not Graduate,No,2647,1587.0,173.0,360.0,1.0,Rural,0,4234.0,"(3500, 5000]","(2500, 3500]",1037.2224085142695,373400.06706513703,200400.06706513703
LP002116,Female,No,0,Graduate,No,2378,0.0,46.0,360.0,1.0,Rural,0,2378.0,<= 3500,<= 2500,275.7932415702682,99285.56696529656,53285.56696529656
LP002119,Male,Yes,1,Not Graduate,No,4554,1229.0,158.0,360.0,1.0,Urban,1,5783.0,"(5000, 9000]","(3500, 6000]",947.2898297413559,341024.33870688814,183024.33870688814
LP002126,Male,Yes,3+,Not Graduate,No,3173,0.0,74.0,360.0,1.0,Semiurban,1,3173.0,<= 3500,"(2500, 3500]",443.66738861304015,159720.25990069445,85720.25990069445
LP002128,Male,Yes,2,Graduate,,2583,2330.0,125.0,360.0,1.0,Rural,1,4913.0,"(3500, 5000]","(2500, 3500]",749.4381564409462,269797.73631874064,144797.73631874064
LP002129,Male,Yes,0,Graduate,No,2499,2458.0,160.0,360.0,1.0,Semiurban,1,4957.0,"(3500, 5000]",<= 2500,959.2808402444111,345341.102487988,185341.102487988
LP002130,Male,Yes,,Not Graduate,No,3523,3230.0,152.0,360.0,0.0,Rural,0,6753.0,"(5000, 9000]","(3500, 6000]",911.3167982321905,328074.0473635886,176074.0473635886
LP002131,Male,Yes,2,Not Graduate,No,3083,2168.0,126.0,360.0,1.0,Urban,1,5251.0,"(5000, 9000]","(2500, 3500]",755.4336616924737,271956.11820929055,145956.11820929055
LP002137,Male,Yes,0,Graduate,No,6333,4583.0,259.0,360.0,,Semiurban,1,10916.0,"(9000, 17000]","(6000, 10000]",1552.8358601456405,559020.9096524306,300020.90965243056
LP002138,Male,Yes,0,Graduate,No,2625,6250.0,187.0,360.0,1.0,Rural,1,8875.0,"(5000, 9000]","(2500, 3500]",1121.1594820356556,403617.413532836,216617.413532836
LP002139,Male,Yes,0,Graduate,No,9083,0.0,228.0,360.0,1.0,Semiurban,1,9083.0,"(9000, 17000]","(6000, 10000]",1366.9751973482857,492111.0710453829,264111.0710453829
LP002140,Male,No,0,Graduate,No,8750,4167.0,308.0,360.0,1.0,Rural,0,12917.0,"(9000, 17000]","(6000, 10000]",1846.6156174704913,664781.6222893769,356781.6222893769
LP002141,Male,Yes,3+,Graduate,No,2666,2083.0,95.0,360.0,1.0,Rural,1,4749.0,"(3500, 5000]","(2500, 3500]",569.5729988951191,205046.27960224287,110046.27960224287
LP002142,Female,Yes,0,Graduate,Yes,5500,0.0,105.0,360.0,0.0,Rural,0,5500.0,"(5000, 9000]","(3500, 6000]",629.5280514103948,226630.09850774214,121630.09850774214
LP002143,Female,Yes,0,Graduate,No,2423,505.0,130.0,360.0,1.0,Semiurban,1,2928.0,<= 3500,<= 2500,779.4156826985841,280589.6457714903,150589.6457714903
LP002144,Female,No,,Graduate,No,3813,0.0,116.0,180.0,1.0,Urban,1,3813.0,"(3500, 5000]","(3500, 6000]",695.478609177198,250372.29930379128,134372.29930379128
LP002149,Male,Yes,2,Graduate,No,8333,3167.0,165.0,360.0,1.0,Rural,1,11500.0,"(9000, 17000]","(6000, 10000]",989.2583665020491,356133.01194073766,191133.01194073766
LP002151,Male,Yes,1,Graduate,No,3875,0.0,67.0,360.0,1.0,Urban,0,3875.0,"(3500, 5000]","(3500, 6000]",401.69885185234716,144611.586666845,77611.58666684499
LP002158,Male,Yes,0,Not Graduate,No,3000,1666.0,100.0,480.0,0.0,Urban,0,4666.0,"(3500, 5000]","(2500, 3500]",599.5505251527569,215838.1890549925,115838.18905499249
LP002160,Male,Yes,3+,Graduate,No,5167,3167.0,200.0,360.0,1.0,Semiurban,1,8334.0,"(5000, 9000]","(3500, 6000]",1199.1010503055138,431676.378109985,231676.37810998497
LP002161,Female,No,1,Graduate,No,4723,0.0,81.0,360.0,1.0,Semiurban,0,4723.0,"(3500, 5000]","(3500, 6000]",485.63592537373313,174828.9331345439,93828.93313454391
LP002170,Male,Yes,2,Graduate,No,5000,3667.0,236.0,360.0,1.0,Semiurban,1,8667.0,"(5000, 9000]","(3500, 6000]",1414.9392393605065,509378.1261697823,273378.1261697823
LP002175,Male,Yes,0,Graduate,No,4750,2333.0,130.0,360.0,1.0,Urban,1,7083.0,"(5000, 9000]","(3500, 6000]",779.4156826985841,280589.6457714903,150589.6457714903
LP002178,Male,Yes,0,Graduate,No,3013,3033.0,95.0,300.0,,Urban,1,6046.0,"(5000, 9000]","(2500, 3500]",569.5729988951191,205046.27960224287,110046.27960224287
LP002180,Male,No,0,Graduate,Yes,6822,0.0,141.0,360.0,1.0,Rural,1,6822.0,"(5000, 9000]","(6000, 10000]",845.3662404653874,304331.84656753944,163331.84656753944
LP002181,Male,No,0,Not Graduate,No,6216,0.0,133.0,360.0,1.0,Rural,0,6216.0,"(5000, 9000]","(6000, 10000]",797.4021984531666,287064.79144314,154064.79144314
LP002187,Male,No,0,Graduate,No,2500,0.0,96.0,480.0,1.0,Semiurban,0,2500.0,<= 3500,<= 2500,575.5685041466467,207204.6614927928,111204.6614927928
LP002188,Male,No,0,Graduate,No,5124,0.0,124.0,,0.0,Rural,0,5124.0,"(5000, 9000]","(3500, 6000]",743.4426511894186,267639.3544281907,143639.35442819068
LP002190,Male,Yes,1,Graduate,No,6325,0.0,175.0,360.0,1.0,Semiurban,1,6325.0,"(5000, 9000]","(6000, 10000]",1049.2134190173247,377716.8308462369,202716.8308462369
LP002191,Male,Yes,0,Graduate,No,19730,5266.0,570.0,360.0,1.0,Rural,0,24996.0,> 17000,> 10000,3417.4379933707146,1230277.6776134572,660277.6776134572
LP002194,Female,No,0,Graduate,Yes,15759,0.0,55.0,360.0,1.0,Semiurban,1,15759.0,"(9000, 17000]",> 10000,329.7527888340163,118711.00398024588,63711.00398024588
LP002197,Male,Yes,2,Graduate,No,5185,0.0,155.0,360.0,1.0,Semiurban,1,5185.0,"(5000, 9000]","(3500, 6000]",929.3033139867732,334549.19303523836,179549.19303523836
LP002201,Male,Yes,2,Graduate,Yes,9323,7873.0,380.0,300.0,1.0,Rural,1,17196.0,> 17000,"(6000, 10000]",2278.2919955804764,820185.1184089715,440185.11840897147
LP002205,Male,No,1,Graduate,No,3062,1987.0,111.0,180.0,0.0,Urban,0,5049.0,"(5000, 9000]","(2500, 3500]",665.5010829195602,239580.38985104166,128580.38985104166
LP002209,Female,No,0,Graduate,,2764,1459.0,110.0,360.0,1.0,Urban,1,4223.0,"(3500, 5000]","(2500, 3500]",659.5055776680326,237422.00796049176,127422.00796049176
LP002211,Male,Yes,0,Graduate,No,4817,923.0,120.0,180.0,1.0,Urban,1,5740.0,"(5000, 9000]","(3500, 6000]",719.4606301833084,259005.826865991,139005.826865991
LP002219,Male,Yes,3+,Graduate,No,8750,4996.0,130.0,360.0,1.0,Rural,1,13746.0,"(9000, 17000]","(6000, 10000]",779.4156826985841,280589.6457714903,150589.6457714903
LP002223,Male,Yes,0,Graduate,No,4310,0.0,130.0,360.0,,Semiurban,1,4310.0,"(3500, 5000]","(3500, 6000]",779.4156826985841,280589.6457714903,150589.6457714903
LP002224,Male,No,0,Graduate,No,3069,0.0,71.0,480.0,1.0,Urban,0,3069.0,<= 3500,"(2500, 3500]",425.6808728584574,153245.11422904467,82245.11422904467
LP002225,Male,Yes,2,Graduate,No,5391,0.0,130.0,360.0,1.0,Urban,1,5391.0,"(5000, 9000]","(3500, 6000]",779.4156826985841,280589.6457714903,150589.6457714903
LP002226,Male,Yes,0,Graduate,,3333,2500.0,128.0,360.0,1.0,Semiurban,1,5833.0,"(5000, 9000]","(2500, 3500]",767.4246721955288,276272.88199039036,148272.88199039036
LP002229,Male,No,0,Graduate,No,5941,4232.0,296.0,360.0,1.0,Semiurban,1,10173.0,"(9000, 17000]","(3500, 6000]",1774.6695544521606,638881.0396027778,342881.0396027778
LP002231,Female,No,0,Graduate,No,6000,0.0,156.0,360.0,1.0,Urban,1,6000.0,"(5000, 9000]","(3500, 6000]",935.2988192383009,336707.5749257883,180707.57492578833
LP002234,Male,No,0,Graduate,Yes,7167,0.0,128.0,360.0,1.0,Urban,1,7167.0,"(5000, 9000]","(6000, 10000]",767.4246721955288,276272.88199039036,148272.88199039036
LP002236,Male,Yes,2,Graduate,No,4566,0.0,100.0,360.0,1.0,Urban,0,4566.0,"(3500, 5000]","(3500, 6000]",599.5505251527569,215838.1890549925,115838.18905499249
LP002237,Male,No,1,Graduate,,3667,0.0,113.0,180.0,1.0,Urban,1,3667.0,"(3500, 5000]","(3500, 6000]",677.4920934226153,243897.1536321415,130897.1536321415
LP002239,Male,No,0,Not Graduate,No,2346,1600.0,132.0,360.0,1.0,Semiurban,1,3946.0,"(3500, 5000]",<= 2500,791.4066932016392,284906.4095525901,152906.4095525901
LP002243,Male,Yes,0,Not Graduate,No,3010,3136.0,,360.0,0.0,Urban,0,6146.0,"(5000, 9000]","(2500, 3500]",,,
LP002244,Male,Yes,0,Graduate,No,2333,2417.0,136.0,360.0,1.0,Urban,1,4750.0,"(3500, 5000]",<= 2500,815.3887142077494,293539.9371147898,157539.9371147898
LP002250,Male,Yes,0,Graduate,No,5488,0.0,125.0,360.0,1.0,Rural,1,5488.0,"(5000, 9000]","(3500, 6000]",749.4381564409462,269797.73631874064,144797.73631874064
LP002255,Male,No,3+,Graduate,No,9167,0.0,185.0,360.0,1.0,Rural,1,9167.0,"(9000, 17000]","(6000, 10000]",1109.1684715326003,399300.6497517361,214300.64975173608
LP002262,Male,Yes,3+,Graduate,No,9504,0.0,275.0,360.0,1.0,Rural,1,9504.0,"(9000, 17000]","(6000, 10000]",1648.7639441700815,593555.0199012293,318555.0199012293
LP002263,Male,Yes,0,Graduate,No,2583,2115.0,120.0,360.0,,Urban,1,4698.0,"(3500, 5000]","(2500, 3500]",719.4606301833084,259005.826865991,139005.826865991
LP002265,Male,Yes,2,Not Graduate,No,1993,1625.0,113.0,180.0,1.0,Semiurban,1,3618.0,"(3500, 5000]",<= 2500,677.4920934226153,243897.1536321415,130897.1536321415
LP002266,Male,Yes,2,Graduate,No,3100,1400.0,113.0,360.0,1.0,Urban,1,4500.0,"(3500, 5000]","(2500, 3500]",677.4920934226153,243897.1536321415,130897.1536321415
LP002272,Male,Yes,2,Graduate,No,3276,484.0,135.0,360.0,,Semiurban,1,3760.0,"(3500, 5000]","(2500, 3500]",809.3932089562219,291381.5552242399,156381.55522423988
LP002277,Female,No,0,Graduate,No,3180,0.0,71.0,360.0,0.0,Urban,0,3180.0,<= 3500,"(2500, 3500]",425.6808728584574,153245.11422904467,82245.11422904467
LP002281,Male,Yes,0,Graduate,No,3033,1459.0,95.0,360.0,1.0,Urban,1,4492.0,"(3500, 5000]","(2500, 3500]",569.5729988951191,205046.27960224287,110046.27960224287
LP002284,Male,No,0,Not Graduate,No,3902,1666.0,109.0,360.0,1.0,Rural,1,5568.0,"(5000, 9000]","(3500, 6000]",653.5100724165051,235263.62606994182,126263.62606994182
LP002287,Female,No,0,Graduate,No,1500,1800.0,103.0,360.0,0.0,Semiurban,0,3300.0,<= 3500,<= 2500,617.5370409073397,222313.3347266423,119313.3347266423
LP002288,Male,Yes,2,Not Graduate,No,2889,0.0,45.0,180.0,0.0,Urban,0,2889.0,<= 3500,"(2500, 3500]",269.79773631874065,97127.18507474664,52127.18507474664
LP002296,Male,No,0,Not Graduate,No,2755,0.0,65.0,300.0,1.0,Rural,0,2755.0,<= 3500,"(2500, 3500]",389.70784134929204,140294.82288574515,75294.82288574515
LP002297,Male,No,0,Graduate,No,2500,20000.0,103.0,360.0,1.0,Semiurban,1,22500.0,> 17000,<= 2500,617.5370409073397,222313.3347266423,119313.3347266423
LP002300,Female,No,0,Not Graduate,No,1963,0.0,53.0,360.0,1.0,Semiurban,1,1963.0,<= 3500,<= 2500,317.7617783309612,114394.24019914604,61394.240199146036
LP002301,Female,No,0,Graduate,Yes,7441,0.0,194.0,360.0,1.0,Rural,0,7441.0,"(5000, 9000]","(6000, 10000]",1163.1280187963484,418726.0867666854,224726.08676668542
LP002305,Female,No,0,Graduate,No,4547,0.0,115.0,360.0,1.0,Semiurban,1,4547.0,"(3500, 5000]","(3500, 6000]",689.4831039256705,248213.9174132414,133213.9174132414
LP002308,Male,Yes,0,Not Graduate,No,2167,2400.0,115.0,360.0,1.0,Urban,1,4567.0,"(3500, 5000]",<= 2500,689.4831039256705,248213.9174132414,133213.9174132414
LP002314,Female,No,0,Not Graduate,No,2213,0.0,66.0,360.0,1.0,Rural,1,2213.0,<= 3500,<= 2500,395.7033466008196,142453.20477629505,76453.20477629505
LP002315,Male,Yes,1,Graduate,No,8300,0.0,152.0,300.0,0.0,Semiurban,0,8300.0,"(5000, 9000]","(6000, 10000]",911.3167982321905,328074.0473635886,176074.0473635886
LP002317,Male,Yes,3+,Graduate,No,81000,0.0,360.0,360.0,0.0,Rural,0,81000.0,> 17000,> 10000,2158.381890549925,777017.4805979731,417017.4805979731
LP002318,Female,No,1,Not Graduate,Yes,3867,0.0,62.0,360.0,1.0,Semiurban,0,3867.0,"(3500, 5000]","(3500, 6000]",371.7213255947093,133819.67721409534,71819.67721409534
LP002319,Male,Yes,0,Graduate,,6256,0.0,160.0,360.0,,Urban,1,6256.0,"(5000, 9000]","(6000, 10000]",959.2808402444111,345341.102487988,185341.102487988
LP002328,Male,Yes,0,Not Graduate,No,6096,0.0,218.0,360.0,0.0,Rural,0,6096.0,"(5000, 9000]","(6000, 10000]",1307.0201448330101,470527.25213988364,252527.25213988364
LP002332,Male,Yes,0,Not Graduate,No,2253,2033.0,110.0,360.0,1.0,Rural,1,4286.0,"(3500, 5000]",<= 2500,659.5055776680326,237422.00796049176,127422.00796049176
LP002335,Female,Yes,0,Not Graduate,No,2149,3237.0,178.0,360.0,0.0,Semiurban,0,5386.0,"(5000, 9000]",<= 2500,1067.1999347719075,384191.9765178867,206191.97651788668
LP002337,Female,No,0,Graduate,No,2995,0.0,60.0,360.0,1.0,Urban,1,2995.0,<= 3500,"(2500, 3500]",359.7303150916542,129502.9134329955,69502.9134329955
LP002341,Female,No,1,Graduate,No,2600,0.0,160.0,360.0,1.0,Urban,0,2600.0,<= 3500,"(2500, 3500]",959.2808402444111,345341.102487988,185341.102487988
LP002342,Male,Yes,2,Graduate,Yes,1600,20000.0,239.0,360.0,1.0,Urban,0,21600.0,> 17000,<= 2500,1432.9257551150893,515853.27184143214,276853.27184143214
LP002345,Male,Yes,0,Graduate,No,1025,2773.0,112.0,360.0,1.0,Rural,1,3798.0,"(3500, 5000]",<= 2500,671.4965881710878,241738.7717415916,129738.7717415916
LP002347,Male,Yes,0,Graduate,No,3246,1417.0,138.0,360.0,1.0,Semiurban,1,4663.0,"(3500, 5000]","(2500, 3500]",827.3797247108046,297856.70089588966,159856.70089588966
LP002348,Male,Yes,0,Graduate,No,5829,0.0,138.0,360.0,1.0,Rural,1,5829.0,"(5000, 9000]","(3500, 6000]",827.3797247108046,297856.70089588966,159856.70089588966
LP002357,Female,No,0,Not Graduate,No,2720,0.0,80.0,,0.0,Urban,0,2720.0,<= 3500,"(2500, 3500]",479.64042012220557,172670.551243994,92670.551243994
LP002361,Male,Yes,0,Graduate,No,1820,1719.0,100.0,360.0,1.0,Urban,1,3539.0,"(3500, 5000]",<= 2500,599.5505251527569,215838.1890549925,115838.18905499249
LP002362,Male,Yes,1,Graduate,No,7250,1667.0,110.0,,0.0,Urban,0,8917.0,"(5000, 9000]","(6000, 10000]",659.5055776680326,237422.00796049176,127422.00796049176
LP002364,Male,Yes,0,Graduate,No,14880,0.0,96.0,360.0,1.0,Semiurban,1,14880.0,"(9000, 17000]",> 10000,575.5685041466467,207204.6614927928,111204.6614927928
LP002366,Male,Yes,0,Graduate,No,2666,4300.0,121.0,360.0,1.0,Rural,1,6966.0,"(5000, 9000]","(2500, 3500]",725.4561354348359,261164.20875654093,140164.20875654093
LP002367,Female,No,1,Not Graduate,No,4606,0.0,81.0,360.0,1.0,Rural,0,4606.0,"(3500, 5000]","(3500, 6000]",485.63592537373313,174828.9331345439,93828.93313454391
LP002368,Male,Yes,2,Graduate,No,5935,0.0,133.0,360.0,1.0,Semiurban,1,5935.0,"(5000, 9000]","(3500, 6000]",797.4021984531666,287064.79144314,154064.79144314
LP002369,Male,Yes,0,Graduate,No,2920,16.12000084,87.0,360.0,1.0,Rural,1,2936.12000084,<= 3500,"(2500, 3500]",521.6089568828986,187779.2244778435,100779.2244778435
LP002370,Male,No,0,Not Graduate,No,2717,0.0,60.0,180.0,1.0,Urban,1,2717.0,<= 3500,"(2500, 3500]",359.7303150916542,129502.9134329955,69502.9134329955
LP002377,Female,No,1,Graduate,Yes,8624,0.0,150.0,360.0,1.0,Semiurban,1,8624.0,"(5000, 9000]","(6000, 10000]",899.3257877291354,323757.2835824888,173757.28358248877
LP002379,Male,No,0,Graduate,No,6500,0.0,105.0,360.0,0.0,Rural,0,6500.0,"(5000, 9000]","(6000, 10000]",629.5280514103948,226630.09850774214,121630.09850774214
LP002386,Male,No,0,Graduate,,12876,0.0,405.0,360.0,1.0,Semiurban,1,12876.0,"(9000, 17000]",> 10000,2428.1796268686653,874144.6656727195,469144.6656727195
LP002387,Male,Yes,0,Graduate,No,2425,2340.0,143.0,360.0,1.0,Semiurban,1,4765.0,"(3500, 5000]",<= 2500,857.3572509684424,308648.61034863925,165648.61034863925
LP002390,Male,No,0,Graduate,No,3750,0.0,100.0,360.0,1.0,Urban,1,3750.0,"(3500, 5000]","(3500, 6000]",599.5505251527569,215838.1890549925,115838.18905499249
LP002393,Female,,,Graduate,No,10047,0.0,,240.0,1.0,Semiurban,1,10047.0,"(9000, 17000]",> 10000,,,
LP002398,Male,No,0,Graduate,No,1926,1851.0,50.0,360.0,1.0,Semiurban,1,3777.0,"(3500, 5000]",<= 2500,299.77526257637845,107919.09452749624,57919.09452749624
LP002401,Male,Yes,0,Graduate,No,2213,1125.0,,360.0,1.0,Urban,1,3338.0,<= 3500,<= 2500,,,
LP002403,Male,No,0,Graduate,Yes,10416,0.0,187.0,360.0,0.0,Urban,0,10416.0,"(9000, 17000]",> 10000,1121.1594820356556,403617.413532836,216617.413532836
LP002407,Female,Yes,0,Not Graduate,Yes,7142,0.0,138.0,360.0,1.0,Rural,1,7142.0,"(5000, 9000]","(6000, 10000]",827.3797247108046,297856.70089588966,159856.70089588966
LP002408,Male,No,0,Graduate,No,3660,5064.0,187.0,360.0,1.0,Semiurban,1,8724.0,"(5000, 9000]","(3500, 6000]",1121.1594820356556,403617.413532836,216617.413532836
LP002409,Male,Yes,0,Graduate,No,7901,1833.0,180.0,360.0,1.0,Rural,1,9734.0,"(9000, 17000]","(6000, 10000]",1079.1909452749626,388508.74029898655,208508.74029898655
LP002418,Male,No,3+,Not Graduate,No,4707,1993.0,148.0,360.0,1.0,Semiurban,1,6700.0,"(5000, 9000]","(3500, 6000]",887.3347772260803,319440.5198013889,171440.5198013889
LP002422,Male,No,1,Graduate,No,37719,0.0,152.0,360.0,1.0,Semiurban,1,37719.0,> 17000,> 10000,911.3167982321905,328074.0473635886,176074.0473635886
LP002424,Male,Yes,0,Graduate,No,7333,8333.0,175.0,300.0,,Rural,1,15666.0,"(9000, 17000]","(6000, 10000]",1049.2134190173247,377716.8308462369,202716.8308462369
LP002429,Male,Yes,1,Graduate,Yes,3466,1210.0,130.0,360.0,1.0,Rural,1,4676.0,"(3500, 5000]","(2500, 3500]",779.4156826985841,280589.6457714903,150589.6457714903
LP002434,Male,Yes,2,Not Graduate,No,4652,0.0,110.0,360.0,1.0,Rural,1,4652.0,"(3500, 5000]","(3500, 6000]",659.5055776680326,237422.00796049176,127422.00796049176
LP002435,Male,Yes,0,Graduate,,3539,1376.0,55.0,360.0,1.0,Rural,0,4915.0,"(3500, 5000]","(3500, 6000]",329.7527888340163,118711.00398024588,63711.00398024588
LP002443,Male,Yes,2,Graduate,No,3340,1710.0,150.0,360.0,0.0,Rural,0,5050.0,"(5000, 9000]","(2500, 3500]",899.3257877291354,323757.2835824888,173757.28358248877
LP002444,Male,No,1,Not Graduate,Yes,2769,1542.0,190.0,360.0,,Semiurban,0,4311.0,"(3500, 5000]","(2500, 3500]",1139.1459977902382,410092.55920448573,220092.55920448573
LP002446,Male,Yes,2,Not Graduate,No,2309,1255.0,125.0,360.0,0.0,Rural,0,3564.0,"(3500, 5000]",<= 2500,749.4381564409462,269797.73631874064,144797.73631874064
LP002447,Male,Yes,2,Not Graduate,No,1958,1456.0,60.0,300.0,,Urban,1,3414.0,<= 3500,<= 2500,359.7303150916542,129502.9134329955,69502.9134329955
LP002448,Male,Yes,0,Graduate,No,3948,1733.0,149.0,360.0,0.0,Rural,0,5681.0,"(5000, 9000]","(3500, 6000]",893.3302824776077,321598.9016919388,172598.9016919388
LP002449,Male,Yes,0,Graduate,No,2483,2466.0,90.0,180.0,0.0,Rural,1,4949.0,"(3500, 5000]",<= 2500,539.5954726374813,194254.37014949328,104254.37014949328
LP002453,Male,No,0,Graduate,Yes,7085,0.0,84.0,360.0,1.0,Semiurban,1,7085.0,"(5000, 9000]","(6000, 10000]",503.62244112831587,181304.07880619372,97304.07880619372
LP002455,Male,Yes,2,Graduate,No,3859,0.0,96.0,360.0,1.0,Semiurban,1,3859.0,"(3500, 5000]","(3500, 6000]",575.5685041466467,207204.6614927928,111204.6614927928
LP002459,Male,Yes,0,Graduate,No,4301,0.0,118.0,360.0,1.0,Urban,1,4301.0,"(3500, 5000]","(3500, 6000]",707.4696196802532,254689.06308489115,136689.06308489115
LP002467,Male,Yes,0,Graduate,No,3708,2569.0,173.0,360.0,1.0,Urban,0,6277.0,"(5000, 9000]","(3500, 6000]",1037.2224085142695,373400.06706513703,200400.06706513703
LP002472,Male,No,2,Graduate,No,4354,0.0,136.0,360.0,1.0,Rural,1,4354.0,"(3500, 5000]","(3500, 6000]",815.3887142077494,293539.9371147898,157539.9371147898
LP002473,Male,Yes,0,Graduate,No,8334,0.0,160.0,360.0,1.0,Semiurban,0,8334.0,"(5000, 9000]","(6000, 10000]",959.2808402444111,345341.102487988,185341.102487988
LP002478,,Yes,0,Graduate,Yes,2083,4083.0,160.0,360.0,,Semiurban,1,6166.0,"(5000, 9000]",<= 2500,959.2808402444111,345341.102487988,185341.102487988
LP002484,Male,Yes,3+,Graduate,No,7740,0.0,128.0,180.0,1.0,Urban,1,7740.0,"(5000, 9000]","(6000, 10000]",767.4246721955288,276272.88199039036,148272.88199039036
LP002487,Male,Yes,0,Graduate,No,3015,2188.0,153.0,360.0,1.0,Rural,1,5203.0,"(5000, 9000]","(2500, 3500]",917.3123034837182,330232.42925413855,177232.42925413855
LP002489,Female,No,1,Not Graduate,,5191,0.0,132.0,360.0,1.0,Semiurban,1,5191.0,"(5000, 9000]","(3500, 6000]",791.4066932016392,284906.4095525901,152906.4095525901
LP002493,Male,No,0,Graduate,No,4166,0.0,98.0,360.0,0.0,Semiurban,0,4166.0,"(3500, 5000]","(3500, 6000]",587.5595146497018,211521.42527389264,113521.42527389264
LP002494,Male,No,0,Graduate,No,6000,0.0,140.0,360.0,1.0,Rural,1,6000.0,"(5000, 9000]","(3500, 6000]",839.3707352138598,302173.46467698953,162173.46467698953
LP002500,Male,Yes,3+,Not Graduate,No,2947,1664.0,70.0,180.0,0.0,Urban,0,4611.0,"(3500, 5000]","(2500, 3500]",419.6853676069299,151086.73233849477,81086.73233849477
LP002501,,Yes,0,Graduate,No,16692,0.0,110.0,360.0,1.0,Semiurban,1,16692.0,"(9000, 17000]",> 10000,659.5055776680326,237422.00796049176,127422.00796049176
LP002502,Female,Yes,2,Not Graduate,,210,2917.0,98.0,360.0,1.0,Semiurban,1,3127.0,<= 3500,<= 2500,587.5595146497018,211521.42527389264,113521.42527389264
LP002505,Male,Yes,0,Graduate,No,4333,2451.0,110.0,360.0,1.0,Urban,0,6784.0,"(5000, 9000]","(3500, 6000]",659.5055776680326,237422.00796049176,127422.00796049176
LP002515,Male,Yes,1,Graduate,Yes,3450,2079.0,162.0,360.0,1.0,Semiurban,1,5529.0,"(5000, 9000]","(2500, 3500]",971.2718507474663,349657.8662690878,187657.86626908783
LP002517,Male,Yes,1,Not Graduate,No,2653,1500.0,113.0,180.0,0.0,Rural,0,4153.0,"(3500, 5000]","(2500, 3500]",677.4920934226153,243897.1536321415,130897.1536321415
LP002519,Male,Yes,3+,Graduate,No,4691,0.0,100.0,360.0,1.0,Semiurban,1,4691.0,"(3500, 5000]","(3500, 6000]",599.5505251527569,215838.1890549925,115838.18905499249
LP002522,Female,No,0,Graduate,Yes,2500,0.0,93.0,360.0,,Urban,1,2500.0,<= 3500,<= 2500,557.5819883920639,200729.515821143,107729.515821143
LP002524,Male,No,2,Graduate,No,5532,4648.0,162.0,360.0,1.0,Rural,1,10180.0,"(9000, 17000]","(3500, 6000]",971.2718507474663,349657.8662690878,187657.86626908783
LP002527,Male,Yes,2,Graduate,Yes,16525,1014.0,150.0,360.0,1.0,Rural,1,17539.0,> 17000,> 10000,899.3257877291354,323757.2835824888,173757.28358248877
LP002529,Male,Yes,2,Graduate,No,6700,1750.0,230.0,300.0,1.0,Semiurban,1,8450.0,"(5000, 9000]","(6000, 10000]",1378.966207851341,496427.8348264828,266427.8348264828
LP002530,,Yes,2,Graduate,No,2873,1872.0,132.0,360.0,0.0,Semiurban,0,4745.0,"(3500, 5000]","(2500, 3500]",791.4066932016392,284906.4095525901,152906.4095525901
LP002531,Male,Yes,1,Graduate,Yes,16667,2250.0,86.0,360.0,1.0,Semiurban,1,18917.0,> 17000,> 10000,515.6134516313709,185620.84258729353,99620.84258729353
LP002533,Male,Yes,2,Graduate,No,2947,1603.0,,360.0,1.0,Urban,0,4550.0,"(3500, 5000]","(2500, 3500]",,,
LP002534,Female,No,0,Not Graduate,No,4350,0.0,154.0,360.0,1.0,Rural,1,4350.0,"(3500, 5000]","(3500, 6000]",923.3078087352457,332390.81114468846,178390.81114468846
LP002536,Male,Yes,3+,Not Graduate,No,3095,0.0,113.0,360.0,1.0,Rural,1,3095.0,<= 3500,"(2500, 3500]",677.4920934226153,243897.1536321415,130897.1536321415
LP002537,Male,Yes,0,Graduate,No,2083,3150.0,128.0,360.0,1.0,Semiurban,1,5233.0,"(5000, 9000]",<= 2500,767.4246721955288,276272.88199039036,148272.88199039036
LP002541,Male,Yes,0,Graduate,No,10833,0.0,234.0,360.0,1.0,Semiurban,1,10833.0,"(9000, 17000]",> 10000,1402.9482288574513,505061.3623886825,271061.3623886825
LP002543,Male,Yes,2,Graduate,No,8333,0.0,246.0,360.0,1.0,Semiurban,1,8333.0,"(5000, 9000]","(6000, 10000]",1474.894291875782,530961.9450752815,284961.94507528155
LP002544,Male,Yes,1,Not Graduate,No,1958,2436.0,131.0,360.0,1.0,Rural,1,4394.0,"(3500, 5000]",<= 2500,785.4111879501115,282748.02766204014,151748.02766204014
LP002545,Male,No,2,Graduate,No,3547,0.0,80.0,360.0,0.0,Rural,0,3547.0,"(3500, 5000]","(3500, 6000]",479.64042012220557,172670.551243994,92670.551243994
LP002547,Male,Yes,1,Graduate,No,18333,0.0,500.0,360.0,1.0,Urban,0,18333.0,> 17000,> 10000,2997.7526257637846,1079190.9452749626,579190.9452749626
LP002555,Male,Yes,2,Graduate,Yes,4583,2083.0,160.0,360.0,1.0,Semiurban,1,6666.0,"(5000, 9000]","(3500, 6000]",959.2808402444111,345341.102487988,185341.102487988
LP002556,Male,No,0,Graduate,No,2435,0.0,75.0,360.0,1.0,Urban,0,2435.0,<= 3500,<= 2500,449.6628938645677,161878.6417912444,86878.64179124439
LP002560,Male,No,0,Not Graduate,No,2699,2785.0,96.0,360.0,,Semiurban,1,5484.0,"(5000, 9000]","(2500, 3500]",575.5685041466467,207204.6614927928,111204.6614927928
LP002562,Male,Yes,1,Not Graduate,No,5333,1131.0,186.0,360.0,,Urban,1,6464.0,"(5000, 9000]","(3500, 6000]",1115.1639767841277,401459.031642286,215459.031642286
LP002571,Male,No,0,Not Graduate,No,3691,0.0,110.0,360.0,1.0,Rural,1,3691.0,"(3500, 5000]","(3500, 6000]",659.5055776680326,237422.00796049176,127422.00796049176
LP002582,Female,No,0,Not Graduate,Yes,17263,0.0,225.0,360.0,1.0,Semiurban,1,17263.0,> 17000,> 10000,1348.9886815937032,485635.92537373316,260635.92537373316
LP002585,Male,Yes,0,Graduate,No,3597,2157.0,119.0,360.0,0.0,Rural,0,5754.0,"(5000, 9000]","(3500, 6000]",713.4651249317807,256847.44497544103,137847.44497544103
LP002586,Female,Yes,1,Graduate,No,3326,913.0,105.0,84.0,1.0,Semiurban,1,4239.0,"(3500, 5000]","(2500, 3500]",629.5280514103948,226630.09850774214,121630.09850774214
LP002587,Male,Yes,0,Not Graduate,No,2600,1700.0,107.0,360.0,1.0,Rural,1,4300.0,"(3500, 5000]","(2500, 3500]",641.51906191345,230946.86228884198,123946.86228884198
LP002588,Male,Yes,0,Graduate,No,4625,2857.0,111.0,12.0,,Urban,1,7482.0,"(5000, 9000]","(3500, 6000]",665.5010829195602,239580.38985104166,128580.38985104166
LP002600,Male,Yes,1,Graduate,Yes,2895,0.0,95.0,360.0,1.0,Semiurban,1,2895.0,<= 3500,"(2500, 3500]",569.5729988951191,205046.27960224287,110046.27960224287
LP002602,Male,No,0,Graduate,No,6283,4416.0,209.0,360.0,0.0,Rural,0,10699.0,"(9000, 17000]","(6000, 10000]",1253.060597569262,451101.8151249343,242101.8151249343
LP002603,Female,No,0,Graduate,No,645,3683.0,113.0,480.0,1.0,Rural,1,4328.0,"(3500, 5000]",<= 2500,677.4920934226153,243897.1536321415,130897.1536321415
LP002606,Female,No,0,Graduate,No,3159,0.0,100.0,360.0,1.0,Semiurban,1,3159.0,<= 3500,"(2500, 3500]",599.5505251527569,215838.1890549925,115838.18905499249
LP002615,Male,Yes,2,Graduate,No,4865,5624.0,208.0,360.0,1.0,Semiurban,1,10489.0,"(9000, 17000]","(3500, 6000]",1247.0650923177345,448943.4332343844,240943.4332343844
LP002618,Male,Yes,1,Not Graduate,No,4050,5302.0,138.0,360.0,,Rural,0,9352.0,"(9000, 17000]","(3500, 6000]",827.3797247108046,297856.70089588966,159856.70089588966
LP002619,Male,Yes,0,Not Graduate,No,3814,1483.0,124.0,300.0,1.0,Semiurban,1,5297.0,"(5000, 9000]","(3500, 6000]",743.4426511894186,267639.3544281907,143639.35442819068
LP002622,Male,Yes,2,Graduate,No,3510,4416.0,243.0,360.0,1.0,Rural,1,7926.0,"(5000, 9000]","(3500, 6000]",1456.9077761211993,524486.7994036317,281486.7994036317
LP002624,Male,Yes,0,Graduate,No,20833,6667.0,480.0,360.0,,Urban,1,27500.0,> 17000,> 10000,2877.8425207332334,1036023.307463964,556023.307463964
LP002625,,No,0,Graduate,No,3583,0.0,96.0,360.0,1.0,Urban,0,3583.0,"(3500, 5000]","(3500, 6000]",575.5685041466467,207204.6614927928,111204.6614927928
LP002626,Male,Yes,0,Graduate,Yes,2479,3013.0,188.0,360.0,1.0,Urban,1,5492.0,"(5000, 9000]",<= 2500,1127.154987287183,405775.7954233859,217775.79542338592
LP002634,Female,No,1,Graduate,No,13262,0.0,40.0,360.0,1.0,Urban,1,13262.0,"(9000, 17000]",> 10000,239.82021006110278,86335.275621997,46335.275621997
LP002637,Male,No,0,Not Graduate,No,3598,1287.0,100.0,360.0,1.0,Rural,0,4885.0,"(3500, 5000]","(3500, 6000]",599.5505251527569,215838.1890549925,115838.18905499249
LP002640,Male,Yes,1,Graduate,No,6065,2004.0,250.0,360.0,1.0,Semiurban,1,8069.0,"(5000, 9000]","(6000, 10000]",1498.8763128818923,539595.4726374813,289595.4726374813
LP002643,Male,Yes,2,Graduate,No,3283,2035.0,148.0,360.0,1.0,Urban,1,5318.0,"(5000, 9000]","(2500, 3500]",887.3347772260803,319440.5198013889,171440.5198013889
LP002648,Male,Yes,0,Graduate,No,2130,6666.0,70.0,180.0,1.0,Semiurban,0,8796.0,"(5000, 9000]",<= 2500,419.6853676069299,151086.73233849477,81086.73233849477
LP002652,Male,No,0,Graduate,No,5815,3666.0,311.0,360.0,1.0,Rural,0,9481.0,"(9000, 17000]","(3500, 6000]",1864.602133225074,671256.7679610266,360256.76796102664
LP002659,Male,Yes,3+,Graduate,No,3466,3428.0,150.0,360.0,1.0,Rural,1,6894.0,"(5000, 9000]","(2500, 3500]",899.3257877291354,323757.2835824888,173757.28358248877
LP002670,Female,Yes,2,Graduate,No,2031,1632.0,113.0,480.0,1.0,Semiurban,1,3663.0,"(3500, 5000]",<= 2500,677.4920934226153,243897.1536321415,130897.1536321415
LP002682,Male,Yes,,Not Graduate,No,3074,1800.0,123.0,360.0,0.0,Semiurban,0,4874.0,"(3500, 5000]","(2500, 3500]",737.447145937891,265480.9725376408,142480.97253764077
LP002683,Male,No,0,Graduate,No,4683,1915.0,185.0,360.0,1.0,Semiurban,0,6598.0,"(5000, 9000]","(3500, 6000]",1109.1684715326003,399300.6497517361,214300.64975173608
LP002684,Female,No,0,Not Graduate,No,3400,0.0,95.0,360.0,1.0,Rural,0,3400.0,<= 3500,"(2500, 3500]",569.5729988951191,205046.27960224287,110046.27960224287
LP002689,Male,Yes,2,Not Graduate,No,2192,1742.0,45.0,360.0,1.0,Semiurban,1,3934.0,"(3500, 5000]",<= 2500,269.79773631874065,97127.18507474664,52127.18507474664
LP002690,Male,No,0,Graduate,No,2500,0.0,55.0,360.0,1.0,Semiurban,1,2500.0,<= 3500,<= 2500,329.7527888340163,118711.00398024588,63711.00398024588
LP002692,Male,Yes,3+,Graduate,Yes,5677,1424.0,100.0,360.0,1.0,Rural,1,7101.0,"(5000, 9000]","(3500, 6000]",599.5505251527569,215838.1890549925,115838.18905499249
LP002693,Male,Yes,2,Graduate,Yes,7948,7166.0,480.0,360.0,1.0,Rural,1,15114.0,"(9000, 17000]","(6000, 10000]",2877.8425207332334,1036023.307463964,556023.307463964
LP002697,Male,No,0,Graduate,No,4680,2087.0,,360.0,1.0,Semiurban,0,6767.0,"(5000, 9000]","(3500, 6000]",,,
LP002699,Male,Yes,2,Graduate,Yes,17500,0.0,400.0,360.0,1.0,Rural,1,17500.0,> 17000,> 10000,2398.2021006110276,863352.75621997,463352.75621996995
LP002705,Male,Yes,0,Graduate,No,3775,0.0,110.0,360.0,1.0,Semiurban,1,3775.0,"(3500, 5000]","(3500, 6000]",659.5055776680326,237422.00796049176,127422.00796049176
LP002706,Male,Yes,1,Not Graduate,No,5285,1430.0,161.0,360.0,0.0,Semiurban,1,6715.0,"(5000, 9000]","(3500, 6000]",965.2763454959386,347499.48437853786,186499.48437853786
LP002714,Male,No,1,Not Graduate,No,2679,1302.0,94.0,360.0,1.0,Semiurban,1,3981.0,"(3500, 5000]","(2500, 3500]",563.5774936435915,202887.89771169296,108887.89771169296
LP002716,Male,No,0,Not Graduate,No,6783,0.0,130.0,360.0,1.0,Semiurban,1,6783.0,"(5000, 9000]","(6000, 10000]",779.4156826985841,280589.6457714903,150589.6457714903
LP002717,Male,Yes,0,Graduate,No,1025,5500.0,216.0,360.0,,Rural,1,6525.0,"(5000, 9000]",<= 2500,1295.029134329955,466210.4883587838,250210.48835878383
LP002720,Male,Yes,3+,Graduate,No,4281,0.0,100.0,360.0,1.0,Urban,1,4281.0,"(3500, 5000]","(3500, 6000]",599.5505251527569,215838.1890549925,115838.18905499249
LP002723,Male,No,2,Graduate,No,3588,0.0,110.0,360.0,0.0,Rural,0,3588.0,"(3500, 5000]","(3500, 6000]",659.5055776680326,237422.00796049176,127422.00796049176
LP002729,Male,No,1,Graduate,No,11250,0.0,196.0,360.0,,Semiurban,0,11250.0,"(9000, 17000]",> 10000,1175.1190292994036,423042.8505477853,227042.8505477853
LP002731,Female,No,0,Not Graduate,Yes,18165,0.0,125.0,360.0,1.0,Urban,1,18165.0,> 17000,> 10000,749.4381564409462,269797.73631874064,144797.73631874064
LP002732,Male,No,0,Not Graduate,,2550,2042.0,126.0,360.0,1.0,Rural,1,4592.0,"(3500, 5000]","(2500, 3500]",755.4336616924737,271956.11820929055,145956.11820929055
LP002734,Male,Yes,0,Graduate,No,6133,3906.0,324.0,360.0,1.0,Urban,1,10039.0,"(9000, 17000]","(6000, 10000]",1942.5437014949325,699315.7325381757,375315.73253817565
LP002738,Male,No,2,Graduate,No,3617,0.0,107.0,360.0,1.0,Semiurban,1,3617.0,"(3500, 5000]","(3500, 6000]",641.51906191345,230946.86228884198,123946.86228884198
LP002739,Male,Yes,0,Not Graduate,No,2917,536.0,66.0,360.0,1.0,Rural,0,3453.0,<= 3500,"(2500, 3500]",395.7033466008196,142453.20477629505,76453.20477629505
LP002740,Male,Yes,3+,Graduate,No,6417,0.0,157.0,180.0,1.0,Rural,1,6417.0,"(5000, 9000]","(6000, 10000]",941.2943244898283,338865.9568163382,181865.95681633818
LP002741,Female,Yes,1,Graduate,No,4608,2845.0,140.0,180.0,1.0,Semiurban,1,7453.0,"(5000, 9000]","(3500, 6000]",839.3707352138598,302173.46467698953,162173.46467698953
LP002743,Female,No,0,Graduate,No,2138,0.0,99.0,360.0,0.0,Semiurban,0,2138.0,<= 3500,<= 2500,593.5550199012293,213679.80716444255,114679.80716444255
LP002753,Female,No,1,Graduate,,3652,0.0,95.0,360.0,1.0,Semiurban,1,3652.0,"(3500, 5000]","(3500, 6000]",569.5729988951191,205046.27960224287,110046.27960224287
LP002755,Male,Yes,1,Not Graduate,No,2239,2524.0,128.0,360.0,1.0,Urban,1,4763.0,"(3500, 5000]",<= 2500,767.4246721955288,276272.88199039036,148272.88199039036
LP002757,Female,Yes,0,Not Graduate,No,3017,663.0,102.0,360.0,,Semiurban,1,3680.0,"(3500, 5000]","(2500, 3500]",611.541535655812,220154.95283609233,118154.95283609233
LP002767,Male,Yes,0,Graduate,No,2768,1950.0,155.0,360.0,1.0,Rural,1,4718.0,"(3500, 5000]","(2500, 3500]",929.3033139867732,334549.19303523836,179549.19303523836
LP002768,Male,No,0,Not Graduate,No,3358,0.0,80.0,36.0,1.0,Semiurban,0,3358.0,<= 3500,"(2500, 3500]",479.64042012220557,172670.551243994,92670.551243994
LP002772,Male,No,0,Graduate,No,2526,1783.0,145.0,360.0,1.0,Rural,1,4309.0,"(3500, 5000]","(2500, 3500]",869.3482614714975,312965.3741297391,167965.37412973912
LP002776,Female,No,0,Graduate,No,5000,0.0,103.0,360.0,0.0,Semiurban,0,5000.0,"(3500, 5000]","(3500, 6000]",617.5370409073397,222313.3347266423,119313.3347266423
LP002777,Male,Yes,0,Graduate,No,2785,2016.0,110.0,360.0,1.0,Rural,1,4801.0,"(3500, 5000]","(2500, 3500]",659.5055776680326,237422.00796049176,127422.00796049176
LP002778,Male,Yes,2,Graduate,Yes,6633,0.0,,360.0,0.0,Rural,0,6633.0,"(5000, 9000]","(6000, 10000]",,,
LP002784,Male,Yes,1,Not Graduate,No,2492,2375.0,,360.0,1.0,Rural,1,4867.0,"(3500, 5000]",<= 2500,,,
LP002785,Male,Yes,1,Graduate,No,3333,3250.0,158.0,360.0,1.0,Urban,1,6583.0,"(5000, 9000]","(2500, 3500]",947.2898297413559,341024.33870688814,183024.33870688814
LP002788,Male,Yes,0,Not Graduate,No,2454,2333.0,181.0,360.0,0.0,Urban,0,4787.0,"(3500, 5000]",<= 2500,1085.18645052649,390667.1221895364,209667.1221895364
LP002789,Male,Yes,0,Graduate,No,3593,4266.0,132.0,180.0,0.0,Rural,0,7859.0,"(5000, 9000]","(3500, 6000]",791.4066932016392,284906.4095525901,152906.4095525901
LP002792,Male,Yes,1,Graduate,No,5468,1032.0,26.0,360.0,1.0,Semiurban,1,6500.0,"(5000, 9000]","(3500, 6000]",155.88313653971682,56117.92915429805,30117.92915429805
LP002794,Female,No,0,Graduate,No,2667,1625.0,84.0,360.0,,Urban,1,4292.0,"(3500, 5000]","(2500, 3500]",503.62244112831587,181304.07880619372,97304.07880619372
LP002795,Male,Yes,3+,Graduate,Yes,10139,0.0,260.0,360.0,1.0,Semiurban,1,10139.0,"(9000, 17000]",> 10000,1558.8313653971682,561179.2915429806,301179.2915429806
LP002798,Male,Yes,0,Graduate,No,3887,2669.0,162.0,360.0,1.0,Semiurban,1,6556.0,"(5000, 9000]","(3500, 6000]",971.2718507474663,349657.8662690878,187657.86626908783
LP002804,Female,Yes,0,Graduate,No,4180,2306.0,182.0,360.0,1.0,Semiurban,1,6486.0,"(5000, 9000]","(3500, 6000]",1091.1819557780177,392825.50408008636,210825.50408008636
LP002807,Male,Yes,2,Not Graduate,No,3675,242.0,108.0,360.0,1.0,Semiurban,1,3917.0,"(3500, 5000]","(3500, 6000]",647.5145671649775,233105.2441793919,125105.24417939191
LP002813,Female,Yes,1,Graduate,Yes,19484,0.0,600.0,360.0,1.0,Semiurban,1,19484.0,> 17000,> 10000,3597.3031509165417,1295029.134329955,695029.1343299551
LP002820,Male,Yes,0,Graduate,No,5923,2054.0,211.0,360.0,1.0,Rural,1,7977.0,"(5000, 9000]","(3500, 6000]",1265.0516080723173,455418.57890603424,244418.57890603424
LP002821,Male,No,0,Not Graduate,Yes,5800,0.0,132.0,360.0,1.0,Semiurban,1,5800.0,"(5000, 9000]","(3500, 6000]",791.4066932016392,284906.4095525901,152906.4095525901
LP002832,Male,Yes,2,Graduate,No,8799,0.0,258.0,360.0,0.0,Urban,0,8799.0,"(5000, 9000]","(6000, 10000]",1546.840354894113,556862.5277618807,298862.52776188066
LP002833,Male,Yes,0,Not Graduate,No,4467,0.0,120.0,360.0,,Rural,1,4467.0,"(3500, 5000]","(3500, 6000]",719.4606301833084,259005.826865991,139005.826865991
LP002836,Male,No,0,Graduate,No,3333,0.0,70.0,360.0,1.0,Urban,1,3333.0,<= 3500,"(2500, 3500]",419.6853676069299,151086.73233849477,81086.73233849477
LP002837,Male,Yes,3+,Graduate,No,3400,2500.0,123.0,360.0,0.0,Rural,0,5900.0,"(5000, 9000]","(2500, 3500]",737.447145937891,265480.9725376408,142480.97253764077
LP002840,Female,No,0,Graduate,No,2378,0.0,9.0,360.0,1.0,Urban,0,2378.0,<= 3500,<= 2500,53.95954726374813,19425.437014949326,10425.437014949326
LP002841,Male,Yes,0,Graduate,No,3166,2064.0,104.0,360.0,0.0,Urban,0,5230.0,"(5000, 9000]","(2500, 3500]",623.5325461588673,224471.7166171922,120471.7166171922
LP002842,Male,Yes,1,Graduate,No,3417,1750.0,186.0,360.0,1.0,Urban,1,5167.0,"(5000, 9000]","(2500, 3500]",1115.1639767841277,401459.031642286,215459.031642286
LP002847,Male,Yes,,Graduate,No,5116,1451.0,165.0,360.0,0.0,Urban,0,6567.0,"(5000, 9000]","(3500, 6000]",989.2583665020491,356133.01194073766,191133.01194073766
LP002855,Male,Yes,2,Graduate,No,16666,0.0,275.0,360.0,1.0,Urban,1,16666.0,"(9000, 17000]",> 10000,1648.7639441700815,593555.0199012293,318555.0199012293
LP002862,Male,Yes,2,Not Graduate,No,6125,1625.0,187.0,480.0,1.0,Semiurban,0,7750.0,"(5000, 9000]","(6000, 10000]",1121.1594820356556,403617.413532836,216617.413532836
LP002863,Male,Yes,3+,Graduate,No,6406,0.0,150.0,360.0,1.0,Semiurban,0,6406.0,"(5000, 9000]","(6000, 10000]",899.3257877291354,323757.2835824888,173757.28358248877
LP002868,Male,Yes,2,Graduate,No,3159,461.0,108.0,84.0,1.0,Urban,1,3620.0,"(3500, 5000]","(2500, 3500]",647.5145671649775,233105.2441793919,125105.24417939191
LP002872,,Yes,0,Graduate,No,3087,2210.0,136.0,360.0,0.0,Semiurban,0,5297.0,"(5000, 9000]","(2500, 3500]",815.3887142077494,293539.9371147898,157539.9371147898
LP002874,Male,No,0,Graduate,No,3229,2739.0,110.0,360.0,1.0,Urban,1,5968.0,"(5000, 9000]","(2500, 3500]",659.5055776680326,237422.00796049176,127422.00796049176
LP002877,Male,Yes,1,Graduate,No,1782,2232.0,107.0,360.0,1.0,Rural,1,4014.0,"(3500, 5000]",<= 2500,641.51906191345,230946.86228884198,123946.86228884198
LP002888,Male,No,0,Graduate,,3182,2917.0,161.0,360.0,1.0,Urban,1,6099.0,"(5000, 9000]","(2500, 3500]",965.2763454959386,347499.48437853786,186499.48437853786
LP002892,Male,Yes,2,Graduate,No,6540,0.0,205.0,360.0,1.0,Semiurban,1,6540.0,"(5000, 9000]","(6000, 10000]",1229.0785765631517,442468.2875627346,237468.28756273462
LP002893,Male,No,0,Graduate,No,1836,33837.0,90.0,360.0,1.0,Urban,0,35673.0,> 17000,<= 2500,539.5954726374813,194254.37014949328,104254.37014949328
LP002894,Female,Yes,0,Graduate,No,3166,0.0,36.0,360.0,1.0,Semiurban,1,3166.0,<= 3500,"(2500, 3500]",215.8381890549925,77701.7480597973,41701.748059797304
LP002898,Male,Yes,1,Graduate,No,1880,0.0,61.0,360.0,,Rural,0,1880.0,<= 3500,<= 2500,365.72582034318174,131661.29532354543,70661.29532354543
LP002911,Male,Yes,1,Graduate,No,2787,1917.0,146.0,360.0,0.0,Rural,0,4704.0,"(3500, 5000]","(2500, 3500]",875.343766723025,315123.75602028903,169123.75602028903
LP002912,Male,Yes,1,Graduate,No,4283,3000.0,172.0,84.0,1.0,Rural,0,7283.0,"(5000, 9000]","(3500, 6000]",1031.2269032627419,371241.68517458707,199241.68517458707
LP002916,Male,Yes,0,Graduate,No,2297,1522.0,104.0,360.0,1.0,Urban,1,3819.0,"(3500, 5000]",<= 2500,623.5325461588673,224471.7166171922,120471.7166171922
LP002917,Female,No,0,Not Graduate,No,2165,0.0,70.0,360.0,1.0,Semiurban,1,2165.0,<= 3500,<= 2500,419.6853676069299,151086.73233849477,81086.73233849477
LP002925,,No,0,Graduate,No,4750,0.0,94.0,360.0,1.0,Semiurban,1,4750.0,"(3500, 5000]","(3500, 6000]",563.5774936435915,202887.89771169296,108887.89771169296
LP002926,Male,Yes,2,Graduate,Yes,2726,0.0,106.0,360.0,0.0,Semiurban,0,2726.0,<= 3500,"(2500, 3500]",635.5235566619224,228788.48039829207,122788.48039829207
LP002928,Male,Yes,0,Graduate,No,3000,3416.0,56.0,180.0,1.0,Semiurban,1,6416.0,"(5000, 9000]","(2500, 3500]",335.7482940855439,120869.3858707958,64869.3858707958
LP002931,Male,Yes,2,Graduate,Yes,6000,0.0,205.0,240.0,1.0,Semiurban,0,6000.0,"(5000, 9000]","(3500, 6000]",1229.0785765631517,442468.2875627346,237468.28756273462
LP002933,,No,3+,Graduate,Yes,9357,0.0,292.0,360.0,1.0,Semiurban,1,9357.0,"(9000, 17000]","(6000, 10000]",1750.68753344605,630247.5120405781,338247.51204057806
LP002936,Male,Yes,0,Graduate,No,3859,3300.0,142.0,180.0,1.0,Rural,1,7159.0,"(5000, 9000]","(3500, 6000]",851.3617457169148,306490.22845808935,164490.22845808935
LP002938,Male,Yes,0,Graduate,Yes,16120,0.0,260.0,360.0,1.0,Urban,1,16120.0,"(9000, 17000]",> 10000,1558.8313653971682,561179.2915429806,301179.2915429806
LP002940,Male,No,0,Not Graduate,No,3833,0.0,110.0,360.0,1.0,Rural,1,3833.0,"(3500, 5000]","(3500, 6000]",659.5055776680326,237422.00796049176,127422.00796049176
LP002941,Male,Yes,2,Not Graduate,Yes,6383,1000.0,187.0,360.0,1.0,Rural,0,7383.0,"(5000, 9000]","(6000, 10000]",1121.1594820356556,403617.413532836,216617.413532836
LP002943,Male,No,,Graduate,No,2987,0.0,88.0,360.0,0.0,Semiurban,0,2987.0,<= 3500,"(2500, 3500]",527.6044621344261,189937.60636839338,101937.60636839338
LP002945,Male,Yes,0,Graduate,Yes,9963,0.0,180.0,360.0,1.0,Rural,1,9963.0,"(9000, 17000]","(6000, 10000]",1079.1909452749626,388508.74029898655,208508.74029898655
LP002948,Male,Yes,2,Graduate,No,5780,0.0,192.0,360.0,1.0,Urban,1,5780.0,"(5000, 9000]","(3500, 6000]",1151.1370082932933,414409.3229855856,222409.3229855856
LP002949,Female,No,3+,Graduate,,416,41667.0,350.0,180.0,,Urban,0,42083.0,> 17000,<= 2500,2098.4268380346493,755433.6616924738,405433.6616924738
LP002950,Male,Yes,0,Not Graduate,,2894,2792.0,155.0,360.0,1.0,Rural,1,5686.0,"(5000, 9000]","(2500, 3500]",929.3033139867732,334549.19303523836,179549.19303523836
LP002953,Male,Yes,3+,Graduate,No,5703,0.0,128.0,360.0,1.0,Urban,1,5703.0,"(5000, 9000]","(3500, 6000]",767.4246721955288,276272.88199039036,148272.88199039036
LP002958,Male,No,0,Graduate,No,3676,4301.0,172.0,360.0,1.0,Rural,1,7977.0,"(5000, 9000]","(3500, 6000]",1031.2269032627419,371241.68517458707,199241.68517458707
LP002959,Female,Yes,1,Graduate,No,12000,0.0,496.0,360.0,1.0,Semiurban,1,12000.0,"(9000, 17000]",> 10000,2973.7706047576744,1070557.4177127627,574557.4177127627
LP002960,Male,Yes,0,Not Graduate,No,2400,3800.0,,180.0,1.0,Urban,0,6200.0,"(5000, 9000]",<= 2500,,,
LP002961,Male,Yes,1,Graduate,No,3400,2500.0,173.0,360.0,1.0,Semiurban,1,5900.0,"(5000, 9000]","(2500, 3500]",1037.2224085142695,373400.06706513703,200400.06706513703
LP002964,Male,Yes,2,Not Graduate,No,3987,1411.0,157.0,360.0,1.0,Rural,1,5398.0,"(5000, 9000]","(3500, 6000]",941.2943244898283,338865.9568163382,181865.95681633818
LP002974,Male,Yes,0,Graduate,No,3232,1950.0,108.0,360.0,1.0,Rural,1,5182.0,"(5000, 9000]","(2500, 3500]",647.5145671649775,233105.2441793919,125105.24417939191
LP002978,Female,No,0,Graduate,No,2900,0.0,71.0,360.0,1.0,Rural,1,2900.0,<= 3500,"(2500, 3500]",425.6808728584574,153245.11422904467,82245.11422904467
LP002979,Male,Yes,3+,Graduate,No,4106,0.0,40.0,180.0,1.0,Rural,1,4106.0,"(3500, 5000]","(3500, 6000]",239.82021006110278,86335.275621997,46335.275621997
LP002983,Male,Yes,1,Graduate,No,8072,240.0,253.0,360.0,1.0,Urban,1,8312.0,"(5000, 9000]","(6000, 10000]",1516.8628286364751,546070.618309131,293070.618309131
LP002984,Male,Yes,2,Graduate,No,7583,0.0,187.0,360.0,1.0,Urban,1,7583.0,"(5000, 9000]","(6000, 10000]",1121.1594820356556,403617.413532836,216617.413532836
LP002990,Female,No,0,Graduate,Yes,4583,0.0,133.0,360.0,0.0,Semiurban,0,4583.0,"(3500, 5000]","(3500, 6000]",797.4021984531666,287064.79144314,154064.79144314
